-- MASSIVE MOCK DATA SEEDING FOR IITGN HOSTEL MANAGEMENT SYSTEM
-- Scaled up for robust endpoint, pagination, and indexing tests.

-- ==========================================
-- 1. ROOM TYPES
-- ==========================================
INSERT INTO RoomType (TypeName, BaseCapacity, IsAC, Description) VALUES
('Single', 1, FALSE, 'Standard single occupancy room'),
('Double', 2, FALSE, 'Standard shared room for two students'),
('Triple', 3, FALSE, 'Triple sharing room'),
('Quad', 4, TRUE, 'Four-bed room with AC'),
('Others', 2, TRUE, 'Special room - premium'),
('Premium Single', 1, TRUE, 'AC single room for faculty or special'),
('Suite', 2, TRUE, 'Luxury suite with attached facilities');

-- ==========================================
-- 2. HOSTELS
-- ==========================================
INSERT INTO Hostel (Name, ShortCode, WardenName, WardenContact, Address, NumSingleRooms, NumDoubleRooms, NumTripleRooms, NumQuadRooms, TotalRooms, TotalCapacity, HostelStatus) VALUES
('Aibaan Hostel', 'A', 'Prof. Anjali Mehta', '9876543210', 'Palaj Campus, IITGN', 25, 50, 20, 15, 110, 245, 'Available'),
('Beauki Hostel', 'B', 'Dr. Rajesh Patel', '9123456789', 'Palaj Campus, IITGN', 30, 45, 25, 10, 110, 235, 'Available'),
('Chimair Hostel', 'C', 'Prof. Priya Sharma', '9988776655', 'Palaj Campus, IITGN', 20, 55, 30, 12, 117, 268, 'Available'),
('Duven Hostel', 'D', 'Dr. Amit Verma', '9876543201', 'Palaj Campus, IITGN', 35, 40, 15, 20, 110, 240, 'Available'),
('Emiet Hostel', 'E', 'Prof. Sneha Gupta', '9123456700', 'Palaj Campus, IITGN', 28, 48, 22, 18, 116, 262, 'Available'),
('Firpeal Hostel', 'F', 'Dr. Vikram Singh', '9876543222', 'Palaj Campus, IITGN', 22, 52, 28, 14, 116, 266, 'Available'),
('Griwiksh Hostel', 'G', 'Prof. Kavita Rao', '9123456780', 'Palaj Campus, IITGN', 32, 42, 18, 16, 108, 234, 'Available'),
('Hiqom Hostel', 'H', 'Dr. Suresh Kumar', '9876543233', 'Palaj Campus, IITGN', 26, 46, 24, 13, 109, 242, 'Available');

-- ==========================================
-- 3. ROOMS (120 Rooms generated)
-- ==========================================
INSERT INTO Room (HostelID, RoomTypeID, RoomNumber, Floor, MaxCapacity, CurrentOccupancy, QRCode, RoomStatus) VALUES
(1, 3, 'G01', 0, 3, 2, 'ROOM-A-G01-QR0001', 'Occupied'),
(1, 3, 'G02', 0, 3, 2, 'ROOM-A-G02-QR0002', 'Occupied'),
(1, 2, 'G03', 0, 2, 1, 'ROOM-A-G03-QR0003', 'Occupied'),
(1, 2, 'G04', 0, 2, 1, 'ROOM-A-G04-QR0004', 'Occupied'),
(1, 1, '105', 1, 1, 0, 'ROOM-A-105-QR0005', 'Occupied'),
(1, 1, '106', 1, 1, 1, 'ROOM-A-106-QR0006', 'Occupied'),
(1, 4, '107', 1, 4, 0, 'ROOM-A-107-QR0007', 'Occupied'),
(1, 3, '108', 1, 3, 1, 'ROOM-A-108-QR0008', 'Occupied'),
(1, 4, '209', 2, 4, 1, 'ROOM-A-209-QR0009', 'Occupied'),
(1, 3, '204', 2, 3, 0, 'ROOM-A-204-QR0010', 'Occupied'),
(1, 1, '201', 2, 1, 0, 'ROOM-A-201-QR0011', 'Occupied'),
(1, 2, '202', 2, 2, 2, 'ROOM-A-202-QR0012', 'Occupied'),
(1, 3, '303', 3, 3, 2, 'ROOM-A-303-QR0013', 'Occupied'),
(1, 3, '304', 3, 3, 3, 'ROOM-A-304-QR0014', 'Occupied'),
(1, 4, '305', 3, 4, 2, 'ROOM-A-305-QR0015', 'Occupied'),
(2, 2, 'G01', 0, 2, 2, 'ROOM-B-G01-QR0016', 'Occupied'),
(2, 1, 'G02', 0, 1, 1, 'ROOM-B-G02-QR0017', 'Occupied'),
(2, 3, 'G03', 0, 3, 3, 'ROOM-B-G03-QR0018', 'Occupied'),
(2, 1, 'G04', 0, 1, 0, 'ROOM-B-G04-QR0019', 'Occupied'),
(2, 3, '105', 1, 3, 1, 'ROOM-B-105-QR0020', 'Occupied'),
(2, 1, '106', 1, 1, 1, 'ROOM-B-106-QR0021', 'Occupied'),
(2, 2, '107', 1, 2, 1, 'ROOM-B-107-QR0022', 'Occupied'),
(2, 1, '108', 1, 1, 1, 'ROOM-B-108-QR0023', 'Occupied'),
(2, 1, '209', 2, 1, 0, 'ROOM-B-209-QR0024', 'Occupied'),
(2, 3, '204', 2, 3, 2, 'ROOM-B-204-QR0025', 'Occupied'),
(2, 4, '201', 2, 4, 2, 'ROOM-B-201-QR0026', 'Occupied'),
(2, 2, '202', 2, 2, 0, 'ROOM-B-202-QR0027', 'Occupied'),
(2, 3, '303', 3, 3, 1, 'ROOM-B-303-QR0028', 'Occupied'),
(2, 3, '304', 3, 3, 2, 'ROOM-B-304-QR0029', 'Occupied'),
(2, 1, '305', 3, 1, 0, 'ROOM-B-305-QR0030', 'Occupied'),
(3, 2, 'G01', 0, 2, 2, 'ROOM-C-G01-QR0031', 'Occupied'),
(3, 2, 'G02', 0, 2, 1, 'ROOM-C-G02-QR0032', 'Occupied'),
(3, 1, 'G03', 0, 1, 1, 'ROOM-C-G03-QR0033', 'Occupied'),
(3, 2, 'G04', 0, 2, 1, 'ROOM-C-G04-QR0034', 'Occupied'),
(3, 1, '105', 1, 1, 1, 'ROOM-C-105-QR0035', 'Occupied'),
(3, 3, '106', 1, 3, 1, 'ROOM-C-106-QR0036', 'Occupied'),
(3, 3, '107', 1, 3, 3, 'ROOM-C-107-QR0037', 'Occupied'),
(3, 1, '108', 1, 1, 1, 'ROOM-C-108-QR0038', 'Occupied'),
(3, 4, '209', 2, 4, 0, 'ROOM-C-209-QR0039', 'Occupied'),
(3, 3, '204', 2, 3, 0, 'ROOM-C-204-QR0040', 'Occupied'),
(3, 4, '201', 2, 4, 4, 'ROOM-C-201-QR0041', 'Occupied'),
(3, 1, '202', 2, 1, 1, 'ROOM-C-202-QR0042', 'Occupied'),
(3, 3, '303', 3, 3, 0, 'ROOM-C-303-QR0043', 'Occupied'),
(3, 3, '304', 3, 3, 2, 'ROOM-C-304-QR0044', 'Occupied'),
(3, 4, '305', 3, 4, 3, 'ROOM-C-305-QR0045', 'Occupied'),
(4, 2, 'G01', 0, 2, 1, 'ROOM-D-G01-QR0046', 'Occupied'),
(4, 3, 'G02', 0, 3, 2, 'ROOM-D-G02-QR0047', 'Occupied'),
(4, 4, 'G03', 0, 4, 4, 'ROOM-D-G03-QR0048', 'Occupied'),
(4, 2, 'G04', 0, 2, 0, 'ROOM-D-G04-QR0049', 'Occupied'),
(4, 2, '105', 1, 2, 1, 'ROOM-D-105-QR0050', 'Occupied'),
(4, 3, '106', 1, 3, 2, 'ROOM-D-106-QR0051', 'Occupied'),
(4, 4, '107', 1, 4, 1, 'ROOM-D-107-QR0052', 'Occupied'),
(4, 1, '108', 1, 1, 0, 'ROOM-D-108-QR0053', 'Occupied'),
(4, 1, '209', 2, 1, 0, 'ROOM-D-209-QR0054', 'Occupied'),
(4, 2, '204', 2, 2, 0, 'ROOM-D-204-QR0055', 'Occupied'),
(4, 2, '201', 2, 2, 0, 'ROOM-D-201-QR0056', 'Occupied'),
(4, 4, '202', 2, 4, 0, 'ROOM-D-202-QR0057', 'Occupied'),
(4, 4, '303', 3, 4, 3, 'ROOM-D-303-QR0058', 'Occupied'),
(4, 4, '304', 3, 4, 1, 'ROOM-D-304-QR0059', 'Occupied'),
(4, 2, '305', 3, 2, 1, 'ROOM-D-305-QR0060', 'Occupied'),
(5, 1, 'G01', 0, 1, 0, 'ROOM-E-G01-QR0061', 'Occupied'),
(5, 3, 'G02', 0, 3, 3, 'ROOM-E-G02-QR0062', 'Occupied'),
(5, 1, 'G03', 0, 1, 1, 'ROOM-E-G03-QR0063', 'Occupied'),
(5, 4, 'G04', 0, 4, 3, 'ROOM-E-G04-QR0064', 'Occupied'),
(5, 4, '105', 1, 4, 4, 'ROOM-E-105-QR0065', 'Occupied'),
(5, 3, '106', 1, 3, 3, 'ROOM-E-106-QR0066', 'Occupied'),
(5, 2, '107', 1, 2, 2, 'ROOM-E-107-QR0067', 'Occupied'),
(5, 3, '108', 1, 3, 1, 'ROOM-E-108-QR0068', 'Occupied'),
(5, 4, '209', 2, 4, 2, 'ROOM-E-209-QR0069', 'Occupied'),
(5, 3, '204', 2, 3, 2, 'ROOM-E-204-QR0070', 'Occupied'),
(5, 3, '201', 2, 3, 0, 'ROOM-E-201-QR0071', 'Occupied'),
(5, 2, '202', 2, 2, 2, 'ROOM-E-202-QR0072', 'Occupied'),
(5, 2, '303', 3, 2, 0, 'ROOM-E-303-QR0073', 'Occupied'),
(5, 4, '304', 3, 4, 1, 'ROOM-E-304-QR0074', 'Occupied'),
(5, 4, '305', 3, 4, 1, 'ROOM-E-305-QR0075', 'Occupied'),
(6, 2, 'G01', 0, 2, 2, 'ROOM-F-G01-QR0076', 'Occupied'),
(6, 2, 'G02', 0, 2, 2, 'ROOM-F-G02-QR0077', 'Occupied'),
(6, 2, 'G03', 0, 2, 0, 'ROOM-F-G03-QR0078', 'Occupied'),
(6, 1, 'G04', 0, 1, 1, 'ROOM-F-G04-QR0079', 'Occupied'),
(6, 4, '105', 1, 4, 3, 'ROOM-F-105-QR0080', 'Occupied'),
(6, 2, '106', 1, 2, 1, 'ROOM-F-106-QR0081', 'Occupied'),
(6, 4, '107', 1, 4, 2, 'ROOM-F-107-QR0082', 'Occupied'),
(6, 4, '108', 1, 4, 3, 'ROOM-F-108-QR0083', 'Occupied'),
(6, 4, '209', 2, 4, 0, 'ROOM-F-209-QR0084', 'Occupied'),
(6, 2, '204', 2, 2, 1, 'ROOM-F-204-QR0085', 'Occupied'),
(6, 3, '201', 2, 3, 0, 'ROOM-F-201-QR0086', 'Occupied'),
(6, 1, '202', 2, 1, 0, 'ROOM-F-202-QR0087', 'Occupied'),
(6, 3, '303', 3, 3, 3, 'ROOM-F-303-QR0088', 'Occupied'),
(6, 3, '304', 3, 3, 1, 'ROOM-F-304-QR0089', 'Occupied'),
(6, 2, '305', 3, 2, 2, 'ROOM-F-305-QR0090', 'Occupied'),
(7, 1, 'G01', 0, 1, 0, 'ROOM-G-G01-QR0091', 'Occupied'),
(7, 1, 'G02', 0, 1, 0, 'ROOM-G-G02-QR0092', 'Occupied'),
(7, 3, 'G03', 0, 3, 0, 'ROOM-G-G03-QR0093', 'Occupied'),
(7, 3, 'G04', 0, 3, 0, 'ROOM-G-G04-QR0094', 'Occupied'),
(7, 1, '105', 1, 1, 1, 'ROOM-G-105-QR0095', 'Occupied'),
(7, 1, '106', 1, 1, 1, 'ROOM-G-106-QR0096', 'Occupied'),
(7, 1, '107', 1, 1, 0, 'ROOM-G-107-QR0097', 'Occupied'),
(7, 2, '108', 1, 2, 0, 'ROOM-G-108-QR0098', 'Occupied'),
(7, 2, '209', 2, 2, 1, 'ROOM-G-209-QR0099', 'Occupied'),
(7, 3, '204', 2, 3, 3, 'ROOM-G-204-QR0100', 'Occupied'),
(7, 1, '201', 2, 1, 1, 'ROOM-G-201-QR0101', 'Occupied'),
(7, 4, '202', 2, 4, 0, 'ROOM-G-202-QR0102', 'Occupied'),
(7, 3, '303', 3, 3, 3, 'ROOM-G-303-QR0103', 'Occupied'),
(7, 3, '304', 3, 3, 3, 'ROOM-G-304-QR0104', 'Occupied'),
(7, 2, '305', 3, 2, 2, 'ROOM-G-305-QR0105', 'Occupied'),
(8, 2, 'G01', 0, 2, 0, 'ROOM-H-G01-QR0106', 'Occupied'),
(8, 3, 'G02', 0, 3, 0, 'ROOM-H-G02-QR0107', 'Occupied'),
(8, 2, 'G03', 0, 2, 1, 'ROOM-H-G03-QR0108', 'Occupied'),
(8, 3, 'G04', 0, 3, 2, 'ROOM-H-G04-QR0109', 'Occupied'),
(8, 2, '105', 1, 2, 0, 'ROOM-H-105-QR0110', 'Occupied'),
(8, 2, '106', 1, 2, 1, 'ROOM-H-106-QR0111', 'Occupied'),
(8, 3, '107', 1, 3, 2, 'ROOM-H-107-QR0112', 'Occupied'),
(8, 2, '108', 1, 2, 0, 'ROOM-H-108-QR0113', 'Occupied'),
(8, 3, '209', 2, 3, 2, 'ROOM-H-209-QR0114', 'Occupied'),
(8, 4, '204', 2, 4, 1, 'ROOM-H-204-QR0115', 'Occupied'),
(8, 3, '201', 2, 3, 3, 'ROOM-H-201-QR0116', 'Occupied'),
(8, 1, '202', 2, 1, 0, 'ROOM-H-202-QR0117', 'Occupied'),
(8, 3, '303', 3, 3, 2, 'ROOM-H-303-QR0118', 'Occupied'),
(8, 2, '304', 3, 2, 1, 'ROOM-H-304-QR0119', 'Occupied'),
(8, 4, '305', 3, 4, 1, 'ROOM-H-305-QR0120', 'Occupied');

-- ==========================================
-- 4. MEMBERS (150 Members generated)
-- ==========================================
INSERT INTO Member (Name, Age, Email, ContactNumber, IdentificationNumber, AllocatedDate, PurposeOfStay, Department, YearOfStudy, Gender, DateOfBirth, QRCode) VALUES
('Sonakshi Chawla', 18, 'sonakshi.chawla1@iitgn.ac.in', '9117061316', '2022001', '2023-02-08', 'Resident Student', 'EE', 2, 'Female', '2007-06-16', 'MEM-QR-0001'),
('Aditi Desai', 22, 'aditi.desai2@iitgn.ac.in', '9163894034', '2022002', '2023-03-28', 'Resident Student', 'HSS', 3, 'Female', '2003-04-16', 'MEM-QR-0002'),
('Rohan Malhotra', 26, 'rohan.malhotra3@iitgn.ac.in', '9176100283', '2020003', '2022-08-24', 'Resident Student', 'HSS', 1, 'Female', '1999-06-18', 'MEM-QR-0003'),
('Pooja Patani', 25, 'pooja.patani4@iitgn.ac.in', '9124226609', '2021004', '2022-12-04', 'Resident Student', 'CH', 1, 'Male', '2000-04-18', 'MEM-QR-0004'),
('Ayaan Iyer', 25, 'ayaan.iyer5@iitgn.ac.in', '9141542537', '2025005', '2024-06-08', 'Resident Student', 'MTH', 3, 'Male', '2000-08-19', 'MEM-QR-0005'),
('Disha Akhtar', 22, 'disha.akhtar6@iitgn.ac.in', '9180862102', '2024006', '2023-09-29', 'Resident Student', 'CH', 2, 'Female', '2003-07-14', 'MEM-QR-0006'),
('Sneha Chopra', 19, 'sneha.chopra7@iitgn.ac.in', '9173912262', '2020007', '2021-05-18', 'Resident Student', 'MSE', 1, 'Female', '2006-09-19', 'MEM-QR-0007'),
('Alia Patani', 25, 'alia.patani8@iitgn.ac.in', '9155665448', '2025008', '2022-06-18', 'Resident Student', 'CH', 4, 'Male', '2000-02-13', 'MEM-QR-0008'),
('Reyansh Das', 22, 'reyansh.das9@iitgn.ac.in', '9158437298', '2024009', '2021-04-22', 'Resident Student', 'MTH', 1, 'Female', '2003-08-16', 'MEM-QR-0009'),
('Shaurya Bansal', 24, 'shaurya.bansal10@iitgn.ac.in', '9159830473', '2025010', '2023-03-06', 'Resident Student', 'BSBE', 1, 'Male', '2001-01-10', 'MEM-QR-0010'),
('Prakash Das', 24, 'prakash.das11@iitgn.ac.in', '9134119115', '2023011', '2021-03-07', 'Resident Student', 'MTH', 2, 'Male', '2001-08-16', 'MEM-QR-0011'),
('Rohan Sutaria', 26, 'rohan.sutaria12@iitgn.ac.in', '9110714985', '2021012', '2021-05-29', 'Resident Student', 'CSE', 4, 'Male', '1999-09-15', 'MEM-QR-0012'),
('Disha Kaur', 20, 'disha.kaur13@iitgn.ac.in', '9199598269', '2021013', '2021-04-11', 'Resident Student', 'CH', 1, 'Male', '2005-06-17', 'MEM-QR-0013'),
('Tara Singh', 25, 'tara.singh14@iitgn.ac.in', '9125286904', '2025014', '2021-02-28', 'Resident Student', 'CSE', 4, 'Female', '2000-06-19', 'MEM-QR-0014'),
('Sonakshi Kaur', 24, 'sonakshi.kaur15@iitgn.ac.in', '9157682777', '2022015', '2024-03-10', 'Resident Student', 'CSE', 1, 'Male', '2001-05-19', 'MEM-QR-0015'),
('Kian Ali', 23, 'kian.ali16@iitgn.ac.in', '9163574736', '2020016', '2021-08-14', 'Resident Student', 'MSE', 2, 'Female', '2002-08-15', 'MEM-QR-0016'),
('Fatima Chopra', 20, 'fatima.chopra17@iitgn.ac.in', '9126681164', '2024017', '2022-08-02', 'Resident Student', 'CE', 3, 'Female', '2005-09-15', 'MEM-QR-0017'),
('Zara Shroff', 24, 'zara.shroff18@iitgn.ac.in', '9122806122', '2021018', '2022-09-25', 'Resident Student', 'HSS', 3, 'Female', '2001-04-15', 'MEM-QR-0018'),
('Suresh Nair', 22, 'suresh.nair19@iitgn.ac.in', '9163509648', '2021019', '2022-11-08', 'Resident Student', 'EE', 2, 'Female', '2003-03-15', 'MEM-QR-0019'),
('Simran Kapoor', 21, 'simran.kapoor20@iitgn.ac.in', '9195988930', '2024020', '2022-01-19', 'Resident Student', 'HSS', 3, 'Male', '2004-01-12', 'MEM-QR-0020'),
('Aisha Aaryan', 19, 'aisha.aaryan21@iitgn.ac.in', '9130173401', '2021021', '2024-06-27', 'Resident Student', 'CH', 4, 'Female', '2006-06-16', 'MEM-QR-0021'),
('Shaurya Kaur', 19, 'shaurya.kaur22@iitgn.ac.in', '9147600182', '2025022', '2022-11-30', 'Resident Student', 'EE', 1, 'Male', '2006-08-16', 'MEM-QR-0022'),
('Ananya Kumar', 19, 'ananya.kumar23@iitgn.ac.in', '9164118260', '2020023', '2023-08-19', 'Resident Student', 'ME', 4, 'Female', '2006-03-11', 'MEM-QR-0023'),
('Sai Sinha', 23, 'sai.sinha24@iitgn.ac.in', '9158815430', '2023024', '2023-03-07', 'Resident Student', 'ME', 1, 'Female', '2002-06-18', 'MEM-QR-0024'),
('Ayaan Shah', 26, 'ayaan.shah25@iitgn.ac.in', '9132274625', '2025025', '2024-12-11', 'Resident Student', 'EE', 2, 'Female', '1999-09-19', 'MEM-QR-0025'),
('Rohan Shah', 20, 'rohan.shah26@iitgn.ac.in', '9177323109', '2024026', '2022-09-24', 'Resident Student', 'ME', 2, 'Female', '2005-06-13', 'MEM-QR-0026'),
('Shaurya Sutaria', 20, 'shaurya.sutaria27@iitgn.ac.in', '9154928296', '2022027', '2024-12-14', 'Resident Student', 'CSE', 1, 'Male', '2005-01-11', 'MEM-QR-0027'),
('Zara Bansal', 23, 'zara.bansal28@iitgn.ac.in', '9168475374', '2021028', '2022-07-14', 'Resident Student', 'HSS', 2, 'Female', '2002-09-12', 'MEM-QR-0028'),
('Rishi Kapur', 19, 'rishi.kapur29@iitgn.ac.in', '9188121517', '2023029', '2024-07-10', 'Resident Student', 'MTH', 1, 'Male', '2006-05-12', 'MEM-QR-0029'),
('Aisha Menon', 21, 'aisha.menon30@iitgn.ac.in', '9178652126', '2021030', '2022-10-29', 'Resident Student', 'MTH', 2, 'Female', '2004-03-15', 'MEM-QR-0030'),
('Neha Gupta', 19, 'neha.gupta31@iitgn.ac.in', '9169297200', '2022031', '2021-10-13', 'Resident Student', 'MSE', 3, 'Female', '2006-02-17', 'MEM-QR-0031'),
('Ayaan Shroff', 20, 'ayaan.shroff32@iitgn.ac.in', '9172523668', '2020032', '2023-01-31', 'Resident Student', 'EE', 1, 'Female', '2005-07-16', 'MEM-QR-0032'),
('Riya Khurrana', 26, 'riya.khurrana33@iitgn.ac.in', '9166076297', '2025033', '2021-05-08', 'Resident Student', 'PHY', 1, 'Male', '1999-07-17', 'MEM-QR-0033'),
('Ananya Sharma', 22, 'ananya.sharma34@iitgn.ac.in', '9129263584', '2023034', '2023-09-26', 'Resident Student', 'CE', 1, 'Female', '2003-04-11', 'MEM-QR-0034'),
('Shraddha Das', 25, 'shraddha.das35@iitgn.ac.in', '9149793990', '2024035', '2021-03-21', 'Resident Student', 'BSBE', 2, 'Male', '2000-09-18', 'MEM-QR-0035'),
('Sana Ranaut', 24, 'sana.ranaut36@iitgn.ac.in', '9143295365', '2022036', '2023-08-31', 'Resident Student', 'MTH', 4, 'Female', '2001-02-15', 'MEM-QR-0036'),
('Disha Kaur', 24, 'disha.kaur37@iitgn.ac.in', '9160666933', '2024037', '2021-05-11', 'Resident Student', 'ME', 1, 'Male', '2001-08-16', 'MEM-QR-0037'),
('Sana Rajput', 22, 'sana.rajput38@iitgn.ac.in', '9133667515', '2023038', '2023-04-05', 'Resident Student', 'HSS', 2, 'Female', '2003-04-13', 'MEM-QR-0038'),
('Darsh Oberoi', 20, 'darsh.oberoi39@iitgn.ac.in', '9137726278', '2024039', '2022-09-25', 'Resident Student', 'EE', 4, 'Male', '2005-06-18', 'MEM-QR-0039'),
('Rishi Aaryan', 22, 'rishi.aaryan40@iitgn.ac.in', '9151790990', '2024040', '2021-06-03', 'Resident Student', 'CSE', 3, 'Male', '2003-01-17', 'MEM-QR-0040'),
('Simran Sanon', 24, 'simran.sanon41@iitgn.ac.in', '9196561298', '2024041', '2023-08-18', 'Resident Student', 'ME', 1, 'Male', '2001-07-14', 'MEM-QR-0041'),
('Rohan Menon', 22, 'rohan.menon42@iitgn.ac.in', '9147856560', '2022042', '2024-11-07', 'Resident Student', 'MTH', 1, 'Male', '2003-07-10', 'MEM-QR-0042'),
('Pooja Kapur', 26, 'pooja.kapur43@iitgn.ac.in', '9162037669', '2022043', '2021-09-02', 'Resident Student', 'ME', 2, 'Male', '1999-04-14', 'MEM-QR-0043'),
('Vivaan Oberoi', 25, 'vivaan.oberoi44@iitgn.ac.in', '9126332362', '2022044', '2024-02-17', 'Resident Student', 'CE', 3, 'Male', '2000-08-15', 'MEM-QR-0044'),
('Neha Bhatt', 26, 'neha.bhatt45@iitgn.ac.in', '9127205581', '2022045', '2022-11-04', 'Resident Student', 'MSE', 1, 'Male', '1999-08-12', 'MEM-QR-0045'),
('Kriti Dhawan', 21, 'kriti.dhawan46@iitgn.ac.in', '9178266651', '2021046', '2022-03-04', 'Resident Student', 'CSE', 4, 'Male', '2004-02-13', 'MEM-QR-0046'),
('Zara Kaur', 25, 'zara.kaur47@iitgn.ac.in', '9129434757', '2022047', '2024-12-24', 'Resident Student', 'CH', 3, 'Male', '2000-03-16', 'MEM-QR-0047'),
('Darsh Sutaria', 24, 'darsh.sutaria48@iitgn.ac.in', '9163516943', '2022048', '2021-01-24', 'Resident Student', 'ME', 4, 'Male', '2001-07-11', 'MEM-QR-0048'),
('Alia Ranaut', 23, 'alia.ranaut49@iitgn.ac.in', '9128162119', '2024049', '2021-07-30', 'Resident Student', 'CSE', 4, 'Female', '2002-07-15', 'MEM-QR-0049'),
('Ananya Patani', 23, 'ananya.patani50@iitgn.ac.in', '9128573593', '2021050', '2024-06-19', 'Resident Student', 'MTH', 4, 'Female', '2002-06-18', 'MEM-QR-0050'),
('Rishi Iyer', 20, 'rishi.iyer51@iitgn.ac.in', '9158851852', '2023051', '2023-04-29', 'Resident Student', 'CSE', 2, 'Female', '2005-02-15', 'MEM-QR-0051'),
('Darsh Kapoor', 20, 'darsh.kapoor52@iitgn.ac.in', '9112651596', '2025052', '2021-11-26', 'Resident Student', 'CE', 4, 'Male', '2005-01-11', 'MEM-QR-0052'),
('Sana Kaur', 21, 'sana.kaur53@iitgn.ac.in', '9176160435', '2024053', '2022-04-02', 'Resident Student', 'CE', 3, 'Female', '2004-02-16', 'MEM-QR-0053'),
('Atharva Rajput', 18, 'atharva.rajput54@iitgn.ac.in', '9149395996', '2020054', '2024-10-27', 'Resident Student', 'CE', 4, 'Male', '2007-01-10', 'MEM-QR-0054'),
('Prakash Sutaria', 22, 'prakash.sutaria55@iitgn.ac.in', '9134360662', '2022055', '2021-06-23', 'Resident Student', 'ME', 2, 'Female', '2003-08-14', 'MEM-QR-0055'),
('Darsh Aaryan', 22, 'darsh.aaryan56@iitgn.ac.in', '9128400470', '2020056', '2024-12-07', 'Resident Student', 'CH', 4, 'Female', '2003-04-15', 'MEM-QR-0056'),
('Aarav Mehta', 18, 'aarav.mehta57@iitgn.ac.in', '9113576231', '2023057', '2023-12-01', 'Resident Student', 'PHY', 2, 'Female', '2007-05-10', 'MEM-QR-0057'),
('Ayaan Oberoi', 26, 'ayaan.oberoi58@iitgn.ac.in', '9188174637', '2022058', '2024-08-13', 'Resident Student', 'CE', 1, 'Female', '1999-06-16', 'MEM-QR-0058'),
('Pooja Gupta', 20, 'pooja.gupta59@iitgn.ac.in', '9152969386', '2024059', '2022-09-27', 'Resident Student', 'MTH', 1, 'Male', '2005-06-16', 'MEM-QR-0059'),
('Sai Bansal', 25, 'sai.bansal60@iitgn.ac.in', '9125873645', '2022060', '2024-03-30', 'Resident Student', 'MTH', 4, 'Male', '2000-03-14', 'MEM-QR-0060'),
('Ananya Singh', 21, 'ananya.singh61@iitgn.ac.in', '9156564056', '2025061', '2021-03-16', 'Resident Student', 'BSBE', 2, 'Female', '2004-03-12', 'MEM-QR-0061'),
('Alia Das', 21, 'alia.das62@iitgn.ac.in', '9122857770', '2024062', '2023-01-05', 'Resident Student', 'CH', 2, 'Male', '2004-09-15', 'MEM-QR-0062'),
('Ayaan Shah', 18, 'ayaan.shah63@iitgn.ac.in', '9184392521', '2025063', '2021-12-12', 'Resident Student', 'PHY', 4, 'Male', '2007-08-14', 'MEM-QR-0063'),
('Alia Khan', 19, 'alia.khan64@iitgn.ac.in', '9175635801', '2023064', '2021-05-26', 'Resident Student', 'CE', 4, 'Male', '2006-01-19', 'MEM-QR-0064'),
('Aryan Sharma', 19, 'aryan.sharma65@iitgn.ac.in', '9113869291', '2024065', '2021-04-07', 'Resident Student', 'HSS', 4, 'Male', '2006-06-13', 'MEM-QR-0065'),
('Simran Shah', 20, 'simran.shah66@iitgn.ac.in', '9123239600', '2024066', '2021-02-27', 'Resident Student', 'CE', 2, 'Male', '2005-06-13', 'MEM-QR-0066'),
('Atharva Dhawan', 18, 'atharva.dhawan67@iitgn.ac.in', '9153546573', '2023067', '2022-06-19', 'Resident Student', 'HSS', 2, 'Female', '2007-09-12', 'MEM-QR-0067'),
('Tara Menon', 24, 'tara.menon68@iitgn.ac.in', '9144871072', '2024068', '2021-03-30', 'Resident Student', 'CE', 2, 'Female', '2001-02-14', 'MEM-QR-0068'),
('Sai Bhatt', 24, 'sai.bhatt69@iitgn.ac.in', '9136549764', '2025069', '2021-08-10', 'Resident Student', 'CH', 2, 'Female', '2001-09-18', 'MEM-QR-0069'),
('Sneha Akhtar', 19, 'sneha.akhtar70@iitgn.ac.in', '9143900414', '2025070', '2024-11-22', 'Resident Student', 'EE', 4, 'Female', '2006-05-13', 'MEM-QR-0070'),
('Meera Iyer', 18, 'meera.iyer71@iitgn.ac.in', '9185922949', '2025071', '2024-06-17', 'Resident Student', 'HSS', 3, 'Female', '2007-08-10', 'MEM-QR-0071'),
('Ahaan Malhotra', 22, 'ahaan.malhotra72@iitgn.ac.in', '9153640322', '2023072', '2022-12-18', 'Resident Student', 'CE', 3, 'Male', '2003-09-16', 'MEM-QR-0072'),
('Riya Das', 21, 'riya.das73@iitgn.ac.in', '9190536907', '2021073', '2021-09-07', 'Resident Student', 'PHY', 1, 'Male', '2004-07-17', 'MEM-QR-0073'),
('Shraddha Desai', 22, 'shraddha.desai74@iitgn.ac.in', '9183382784', '2020074', '2023-05-16', 'Resident Student', 'EE', 4, 'Male', '2003-05-14', 'MEM-QR-0074'),
('Rohan Shroff', 25, 'rohan.shroff75@iitgn.ac.in', '9196362891', '2023075', '2022-01-22', 'Resident Student', 'HSS', 1, 'Female', '2000-07-15', 'MEM-QR-0075'),
('Aisha Sharma', 24, 'aisha.sharma76@iitgn.ac.in', '9138105461', '2024076', '2024-05-16', 'Resident Student', 'ME', 2, 'Male', '2001-01-13', 'MEM-QR-0076'),
('Neha Bansal', 22, 'neha.bansal77@iitgn.ac.in', '9130619452', '2023077', '2022-12-24', 'Resident Student', 'ME', 3, 'Female', '2003-09-13', 'MEM-QR-0077'),
('Atharva Sinha', 18, 'atharva.sinha78@iitgn.ac.in', '9167437242', '2024078', '2024-01-06', 'Resident Student', 'ME', 1, 'Male', '2007-06-15', 'MEM-QR-0078'),
('Atharva Das', 18, 'atharva.das79@iitgn.ac.in', '9121900814', '2020079', '2021-11-01', 'Resident Student', 'EE', 3, 'Male', '2007-05-18', 'MEM-QR-0079'),
('Sonakshi Chopra', 25, 'sonakshi.chopra80@iitgn.ac.in', '9135529873', '2021080', '2023-08-22', 'Resident Student', 'PHY', 1, 'Female', '2000-02-10', 'MEM-QR-0080'),
('Zara Khan', 23, 'zara.khan81@iitgn.ac.in', '9169577640', '2025081', '2023-07-30', 'Resident Student', 'CE', 1, 'Female', '2002-01-11', 'MEM-QR-0081'),
('Arjun Sutaria', 24, 'arjun.sutaria82@iitgn.ac.in', '9189505286', '2025082', '2021-11-19', 'Resident Student', 'MSE', 2, 'Female', '2001-04-15', 'MEM-QR-0082'),
('Karan Rajput', 21, 'karan.rajput83@iitgn.ac.in', '9121874237', '2023083', '2023-09-16', 'Resident Student', 'CH', 2, 'Male', '2004-09-11', 'MEM-QR-0083'),
('Aryan Sutaria', 21, 'aryan.sutaria84@iitgn.ac.in', '9111753252', '2024084', '2024-11-14', 'Resident Student', 'CSE', 2, 'Female', '2004-09-12', 'MEM-QR-0084'),
('Rishi Menon', 23, 'rishi.menon85@iitgn.ac.in', '9115648839', '2020085', '2024-10-02', 'Resident Student', 'MSE', 4, 'Female', '2002-06-10', 'MEM-QR-0085'),
('Deepika Haasan', 26, 'deepika.haasan86@iitgn.ac.in', '9152915465', '2024086', '2021-01-06', 'Resident Student', 'MSE', 1, 'Male', '1999-09-19', 'MEM-QR-0086'),
('Ayaan Shroff', 24, 'ayaan.shroff87@iitgn.ac.in', '9199063175', '2023087', '2023-07-17', 'Resident Student', 'EE', 4, 'Female', '2001-07-10', 'MEM-QR-0087'),
('Karan Oberoi', 22, 'karan.oberoi88@iitgn.ac.in', '9151959323', '2021088', '2023-03-27', 'Resident Student', 'MSE', 1, 'Female', '2003-07-15', 'MEM-QR-0088'),
('Ananya Malhotra', 23, 'ananya.malhotra89@iitgn.ac.in', '9191489262', '2024089', '2022-10-13', 'Resident Student', 'MTH', 3, 'Male', '2002-07-16', 'MEM-QR-0089'),
('Prakash Sutaria', 22, 'prakash.sutaria90@iitgn.ac.in', '9117890929', '2021090', '2022-09-20', 'Resident Student', 'HSS', 4, 'Male', '2003-01-17', 'MEM-QR-0090'),
('Ramesh Sinha', 23, 'ramesh.sinha91@iitgn.ac.in', '9165678759', '2024091', '2022-08-11', 'Resident Student', 'PHY', 4, 'Female', '2002-04-19', 'MEM-QR-0091'),
('Alia Nair', 20, 'alia.nair92@iitgn.ac.in', '9199854430', '2023092', '2023-03-29', 'Resident Student', 'MTH', 1, 'Female', '2005-08-19', 'MEM-QR-0092'),
('Aryan Kapoor', 23, 'aryan.kapoor93@iitgn.ac.in', '9111629807', '2024093', '2023-03-04', 'Resident Student', 'BSBE', 4, 'Male', '2002-01-16', 'MEM-QR-0093'),
('Ishaan Sutaria', 25, 'ishaan.sutaria94@iitgn.ac.in', '9136705597', '2021094', '2023-02-06', 'Resident Student', 'CE', 2, 'Male', '2000-05-11', 'MEM-QR-0094'),
('Aditi Patani', 18, 'aditi.patani95@iitgn.ac.in', '9142250179', '2025095', '2022-02-16', 'Resident Student', 'EE', 2, 'Male', '2007-01-11', 'MEM-QR-0095'),
('Kriti Patani', 18, 'kriti.patani96@iitgn.ac.in', '9161160833', '2022096', '2022-02-25', 'Resident Student', 'MSE', 1, 'Male', '2007-09-16', 'MEM-QR-0096'),
('Aisha Oberoi', 26, 'aisha.oberoi97@iitgn.ac.in', '9127405280', '2023097', '2024-10-06', 'Resident Student', 'ME', 1, 'Female', '1999-07-17', 'MEM-QR-0097'),
('Meera Sutaria', 21, 'meera.sutaria98@iitgn.ac.in', '9147013985', '2022098', '2024-07-23', 'Resident Student', 'MTH', 2, 'Female', '2004-03-10', 'MEM-QR-0098'),
('Meher Dhawan', 19, 'meher.dhawan99@iitgn.ac.in', '9111391525', '2024099', '2023-11-20', 'Resident Student', 'MSE', 3, 'Female', '2006-09-11', 'MEM-QR-0099'),
('Meher Khan', 24, 'meher.khan100@iitgn.ac.in', '9179785488', '2024100', '2021-09-27', 'Resident Student', 'CSE', 2, 'Female', '2001-08-17', 'MEM-QR-0100'),
('Ananya Ranaut', 22, 'ananya.ranaut101@iitgn.ac.in', '9115634243', '2023101', '2021-04-27', 'Resident Student', 'MSE', 3, 'Female', '2003-07-15', 'MEM-QR-0101'),
('Sonakshi Aaryan', 26, 'sonakshi.aaryan102@iitgn.ac.in', '9144413438', '2024102', '2024-06-16', 'Resident Student', 'CSE', 1, 'Female', '1999-07-10', 'MEM-QR-0102'),
('Rohan Sutaria', 25, 'rohan.sutaria103@iitgn.ac.in', '9130818517', '2025103', '2023-11-06', 'Resident Student', 'EE', 2, 'Female', '2000-08-19', 'MEM-QR-0103'),
('Shraddha Sutaria', 19, 'shraddha.sutaria104@iitgn.ac.in', '9158269624', '2020104', '2023-11-24', 'Resident Student', 'CH', 4, 'Male', '2006-05-13', 'MEM-QR-0104'),
('Mohan Sutaria', 20, 'mohan.sutaria105@iitgn.ac.in', '9167363386', '2023105', '2023-06-07', 'Resident Student', 'MSE', 2, 'Female', '2005-02-13', 'MEM-QR-0105'),
('Pooja Haasan', 26, 'pooja.haasan106@iitgn.ac.in', '9189083374', '2024106', '2021-03-23', 'Resident Student', 'CH', 4, 'Female', '1999-09-19', 'MEM-QR-0106'),
('Suresh Kapoor', 18, 'suresh.kapoor107@iitgn.ac.in', '9128750924', '2020107', '2022-05-08', 'Resident Student', 'CE', 2, 'Female', '2007-06-14', 'MEM-QR-0107'),
('Fatima Kaur', 20, 'fatima.kaur108@iitgn.ac.in', '9125992159', '2025108', '2021-04-18', 'Resident Student', 'MSE', 4, 'Male', '2005-04-17', 'MEM-QR-0108'),
('Aisha Chopra', 20, 'aisha.chopra109@iitgn.ac.in', '9147805396', '2025109', '2024-01-14', 'Resident Student', 'EE', 1, 'Female', '2005-08-11', 'MEM-QR-0109'),
('Atharva Sinha', 23, 'atharva.sinha110@iitgn.ac.in', '9111119858', '2020110', '2021-08-01', 'Resident Student', 'PHY', 1, 'Male', '2002-03-12', 'MEM-QR-0110'),
('Vihaan Rajput', 18, 'vihaan.rajput111@iitgn.ac.in', '9170823830', '2022111', '2022-08-23', 'PhD Scholar', 'CE', 1, 'Male', '2007-08-12', 'MEM-QR-0111'),
('Prakash Gupta', 25, 'prakash.gupta112@iitgn.ac.in', '9199145320', '2020112', '2024-05-10', 'PhD Scholar', 'CH', 3, 'Male', '2000-03-12', 'MEM-QR-0112'),
('Meera Bhatt', 26, 'meera.bhatt113@iitgn.ac.in', '9168011448', '2021113', '2021-02-07', 'PhD Scholar', 'HSS', 2, 'Male', '1999-05-16', 'MEM-QR-0113'),
('Sneha Menon', 22, 'sneha.menon114@iitgn.ac.in', '9193005133', '2024114', '2021-11-08', 'PhD Scholar', 'MSE', 6, 'Female', '2003-07-16', 'MEM-QR-0114'),
('Sneha Ranaut', 22, 'sneha.ranaut115@iitgn.ac.in', '9112259797', '2022115', '2021-04-23', 'PhD Scholar', 'CH', 6, 'Male', '2003-05-16', 'MEM-QR-0115'),
('Neha Rajput', 21, 'neha.rajput116@iitgn.ac.in', '9175500043', '2023116', '2022-08-06', 'PhD Scholar', 'EE', 5, 'Female', '2004-02-10', 'MEM-QR-0116'),
('Meera Patel', 22, 'meera.patel117@iitgn.ac.in', '9159637001', '2025117', '2022-12-18', 'PhD Scholar', 'PHY', 2, 'Female', '2003-07-13', 'MEM-QR-0117'),
('Deepika Nair', 26, 'deepika.nair118@iitgn.ac.in', '9125784197', '2024118', '2022-09-26', 'PhD Scholar', 'PHY', 3, 'Female', '1999-04-11', 'MEM-QR-0118'),
('Pooja Das', 21, 'pooja.das119@iitgn.ac.in', '9157666198', '2024119', '2021-12-13', 'PhD Scholar', 'HSS', 6, 'Female', '2004-02-17', 'MEM-QR-0119'),
('Kriti Nair', 23, 'kriti.nair120@iitgn.ac.in', '9153486032', '2020120', '2023-05-01', 'PhD Scholar', 'PHY', 5, 'Male', '2002-05-12', 'MEM-QR-0120'),
('Sai Desai', 24, 'sai.desai121@iitgn.ac.in', '9191767077', '2022121', '2023-06-22', 'PhD Scholar', 'CE', 2, 'Female', '2001-05-12', 'MEM-QR-0121'),
('Riya Sutaria', 20, 'riya.sutaria122@iitgn.ac.in', '9163094093', '2024122', '2021-02-03', 'PhD Scholar', 'CH', 1, 'Female', '2005-08-10', 'MEM-QR-0122'),
('Shaurya Iyer', 23, 'shaurya.iyer123@iitgn.ac.in', '9128468034', '2024123', '2024-05-08', 'PhD Scholar', 'PHY', 1, 'Female', '2002-09-12', 'MEM-QR-0123'),
('Meher Kumar', 18, 'meher.kumar124@iitgn.ac.in', '9110654128', '2020124', '2024-11-05', 'PhD Scholar', 'ME', 1, 'Female', '2007-08-16', 'MEM-QR-0124'),
('Darsh Patel', 23, 'darsh.patel125@iitgn.ac.in', '9162633912', '2024125', '2023-05-04', 'PhD Scholar', 'MSE', 6, 'Male', '2002-01-14', 'MEM-QR-0125'),
('Deepika Das', 24, 'deepika.das126@iitgn.ac.in', '9169372921', '2020126', '2024-02-23', 'PhD Scholar', 'HSS', 1, 'Female', '2001-06-16', 'MEM-QR-0126'),
('Meher Kaur', 25, 'meher.kaur127@iitgn.ac.in', '9161985728', '2024127', '2024-06-25', 'PhD Scholar', 'PHY', 6, 'Male', '2000-04-18', 'MEM-QR-0127'),
('Vivaan Rao', 18, 'vivaan.rao128@iitgn.ac.in', '9177996339', '2024128', '2022-03-13', 'PhD Scholar', 'CSE', 3, 'Male', '2007-05-17', 'MEM-QR-0128'),
('Suresh Verma', 20, 'suresh.verma129@iitgn.ac.in', '9199424576', '2020129', '2024-12-05', 'PhD Scholar', 'CSE', 5, 'Male', '2005-04-14', 'MEM-QR-0129'),
('Ayaan Bansal', 18, 'ayaan.bansal130@iitgn.ac.in', '9116523281', '2023130', '2021-01-08', 'PhD Scholar', 'HSS', 4, 'Female', '2007-01-19', 'MEM-QR-0130'),
('Darsh Patani', 50, 'darsh.patani131@iitgn.ac.in', '9125284755', 'S231', '2024-01-07', 'Staff', 'Hostel Admin', NULL, 'Female', '1975-04-10', 'MEM-QR-0131'),
('Rohan Sanon', 42, 'rohan.sanon132@iitgn.ac.in', '9147248831', 'S232', '2024-11-06', 'Staff', 'Security', NULL, 'Male', '1983-03-16', 'MEM-QR-0132'),
('Ahaan Sutaria', 49, 'ahaan.sutaria133@iitgn.ac.in', '9175286906', 'S233', '2022-03-29', 'Staff', 'Academic Affairs', NULL, 'Male', '1976-09-14', 'MEM-QR-0133'),
('Darsh Kapur', 56, 'darsh.kapur134@iitgn.ac.in', '9189773626', 'S234', '2024-09-05', 'Staff', 'Security', NULL, 'Male', '1969-09-10', 'MEM-QR-0134'),
('Aarav Chawla', 44, 'aarav.chawla135@iitgn.ac.in', '9182808927', 'S235', '2022-06-22', 'Staff', 'Hostel Admin', NULL, 'Female', '1981-08-12', 'MEM-QR-0135'),
('Deepika Shah', 42, 'deepika.shah136@iitgn.ac.in', '9125452154', 'S236', '2023-12-22', 'Staff', 'Security', NULL, 'Female', '1983-05-12', 'MEM-QR-0136'),
('Zara Menon', 44, 'zara.menon137@iitgn.ac.in', '9175690354', 'S237', '2022-07-28', 'Staff', 'Academic Affairs', NULL, 'Male', '1981-03-13', 'MEM-QR-0137'),
('Meera Verma', 56, 'meera.verma138@iitgn.ac.in', '9190406480', 'S238', '2024-08-11', 'Staff', 'Security', NULL, 'Female', '1969-05-16', 'MEM-QR-0138'),
('Tara Bhatt', 50, 'tara.bhatt139@iitgn.ac.in', '9184830508', 'S239', '2021-01-06', 'Staff', 'Hostel Admin', NULL, 'Male', '1975-02-14', 'MEM-QR-0139'),
('Alia Dhawan', 42, 'alia.dhawan140@iitgn.ac.in', '9164588698', 'S240', '2022-09-12', 'Staff', 'Academic Affairs', NULL, 'Female', '1983-02-15', 'MEM-QR-0140'),
('Iqra Kaur', 60, 'iqra.kaur141@iitgn.ac.in', '9117074247', 'S241', '2024-01-29', 'Staff', 'Academic Affairs', NULL, 'Male', '1965-06-11', 'MEM-QR-0141'),
('Iqra Menon', 49, 'iqra.menon142@iitgn.ac.in', '9189339595', 'S242', '2021-10-08', 'Staff', 'Hostel Admin', NULL, 'Male', '1976-02-11', 'MEM-QR-0142'),
('Zara Bhatt', 47, 'zara.bhatt143@iitgn.ac.in', '9139556961', 'S243', '2021-12-31', 'Staff', 'Security', NULL, 'Male', '1978-04-15', 'MEM-QR-0143'),
('Simran Aaryan', 45, 'simran.aaryan144@iitgn.ac.in', '9119289564', 'S244', '2022-12-04', 'Staff', 'Academic Affairs', NULL, 'Female', '1980-06-13', 'MEM-QR-0144'),
('Shraddha Gupta', 37, 'shraddha.gupta145@iitgn.ac.in', '9116040239', 'S245', '2022-07-14', 'Staff', 'Academic Affairs', NULL, 'Female', '1988-05-18', 'MEM-QR-0145'),
('Rishi Bhatt', 57, 'rishi.bhatt146@iitgn.ac.in', '9198738747', 'S246', '2024-11-11', 'Staff', 'Hostel Admin', NULL, 'Female', '1968-02-18', 'MEM-QR-0146'),
('Prakash Verma', 45, 'prakash.verma147@iitgn.ac.in', '9197107469', 'S247', '2024-11-03', 'Staff', 'Hostel Admin', NULL, 'Female', '1980-09-14', 'MEM-QR-0147'),
('Krishna Nair', 49, 'krishna.nair148@iitgn.ac.in', '9139941519', 'S248', '2023-01-09', 'Staff', 'Security', NULL, 'Female', '1976-07-14', 'MEM-QR-0148'),
('Alia Bansal', 38, 'alia.bansal149@iitgn.ac.in', '9176003019', 'S249', '2021-03-15', 'Staff', 'Security', NULL, 'Female', '1987-09-17', 'MEM-QR-0149'),
('Krishna Kapur', 52, 'krishna.kapur150@iitgn.ac.in', '9181096045', 'S250', '2021-11-30', 'Staff', 'Security', NULL, 'Male', '1973-02-17', 'MEM-QR-0150');

-- ==========================================
-- 5. ALLOCATIONS
-- ==========================================
INSERT INTO Allocation (IdentificationNumber, RoomID, CheckInDate, CheckOutDate, AllocationStatus) VALUES
('2022001', 112, '2023-03-04', NULL, 'Active'),
('2022002', 107, '2024-06-24', NULL, 'Active'),
('2020003', 103, '2024-07-31', NULL, 'Active'),
('2021004', 102, '2023-11-01', NULL, 'Active'),
('2025005', 104, '2023-07-03', NULL, 'Active'),
('2024006', 19, '2024-06-14', NULL, 'Active'),
('2020007', 78, '2023-08-16', NULL, 'Active'),
('2025008', 27, '2026-03-17', NULL, 'Active'),
('2024009', 10, '2024-06-09', NULL, 'Active'),
('2025010', 68, '2023-05-31', NULL, 'Active'),
('2023011', 86, '2025-06-23', NULL, 'Active'),
('2021012', 65, '2024-09-20', NULL, 'Active'),
('2021013', 54, '2024-05-15', NULL, 'Active'),
('2025014', 30, '2024-12-15', NULL, 'Active'),
('2022015', 91, '2024-02-19', NULL, 'Active'),
('2020016', 116, '2023-09-03', NULL, 'Active'),
('2024017', 10, '2025-08-25', NULL, 'Active'),
('2021018', 32, '2024-09-05', NULL, 'Active'),
('2021019', 15, '2023-05-19', NULL, 'Active'),
('2024020', 24, '2023-12-08', NULL, 'Active'),
('2021021', 27, '2023-08-24', NULL, 'Active'),
('2025022', 39, '2025-07-17', NULL, 'Active'),
('2020023', 2, '2025-12-18', NULL, 'Active'),
('2023024', 9, '2025-04-03', NULL, 'Active'),
('2025025', 2, '2025-05-29', NULL, 'Active'),
('2024026', 28, '2024-08-15', NULL, 'Active'),
('2022027', 43, '2025-07-31', NULL, 'Active'),
('2021028', 44, '2023-08-17', NULL, 'Active'),
('2023029', 16, '2024-02-16', NULL, 'Active'),
('2021030', 3, '2023-10-09', NULL, 'Active'),
('2022031', 19, '2024-01-19', NULL, 'Active'),
('2020032', 14, '2023-10-02', NULL, 'Active'),
('2025033', 59, '2025-04-24', NULL, 'Active'),
('2023034', 58, '2026-01-19', NULL, 'Active'),
('2024035', 46, '2025-06-19', NULL, 'Active'),
('2022036', 101, '2023-02-09', NULL, 'Active'),
('2024037', 97, '2024-01-21', NULL, 'Active'),
('2023038', 75, '2023-05-02', NULL, 'Active'),
('2024039', 114, '2024-05-30', NULL, 'Active'),
('2024040', 106, '2025-09-13', NULL, 'Active'),
('2024041', 14, '2025-01-24', NULL, 'Active'),
('2022042', 40, '2025-09-27', NULL, 'Active'),
('2022043', 114, '2024-02-10', NULL, 'Active'),
('2022044', 48, '2025-09-16', NULL, 'Active'),
('2022045', 46, '2025-06-25', NULL, 'Active'),
('2021046', 119, '2024-11-04', NULL, 'Active'),
('2022047', 28, '2024-07-07', NULL, 'Active'),
('2022048', 39, '2024-02-22', NULL, 'Active'),
('2024049', 31, '2023-04-04', NULL, 'Active'),
('2021050', 5, '2024-07-06', NULL, 'Active'),
('2023051', 84, '2024-07-08', NULL, 'Active'),
('2025052', 115, '2026-01-30', NULL, 'Active'),
('2024053', 24, '2023-05-14', NULL, 'Active'),
('2020054', 15, '2023-08-11', NULL, 'Active'),
('2022055', 1, '2025-11-06', NULL, 'Active'),
('2020056', 75, '2024-02-03', NULL, 'Active'),
('2023057', 39, '2023-06-21', NULL, 'Active'),
('2022058', 59, '2023-12-11', NULL, 'Active'),
('2024059', 88, '2025-08-09', NULL, 'Active'),
('2022060', 78, '2024-10-31', NULL, 'Active'),
('2025061', 3, '2024-10-22', NULL, 'Active'),
('2024062', 97, '2024-11-18', NULL, 'Active'),
('2025063', 54, '2025-08-30', NULL, 'Active'),
('2023064', 94, '2024-05-19', NULL, 'Active'),
('2024065', 105, '2026-03-02', NULL, 'Active'),
('2024066', 86, '2024-08-03', NULL, 'Active'),
('2023067', 82, '2026-03-17', NULL, 'Active'),
('2024068', 19, '2025-07-17', NULL, 'Active'),
('2025069', 79, '2025-04-30', NULL, 'Active'),
('2025070', 29, '2024-09-20', NULL, 'Active'),
('2025071', 86, '2025-09-16', NULL, 'Active'),
('2023072', 55, '2023-09-10', NULL, 'Active'),
('2021073', 87, '2025-12-18', NULL, 'Active'),
('2020074', 20, '2025-08-09', NULL, 'Active'),
('2023075', 73, '2023-12-30', NULL, 'Active'),
('2024076', 41, '2023-05-08', NULL, 'Active'),
('2023077', 40, '2024-02-04', NULL, 'Active'),
('2024078', 59, '2025-04-04', NULL, 'Active'),
('2020079', 49, '2025-09-02', NULL, 'Active'),
('2021080', 99, '2024-01-17', NULL, 'Active'),
('2025081', 22, '2024-08-06', NULL, 'Active'),
('2025082', 70, '2025-12-10', NULL, 'Active'),
('2023083', 44, '2023-12-24', NULL, 'Active'),
('2024084', 79, '2025-08-06', NULL, 'Active'),
('2020085', 46, '2026-02-25', NULL, 'Active'),
('2024086', 46, '2024-12-21', NULL, 'Active'),
('2023087', 24, '2023-12-13', NULL, 'Active'),
('2021088', 2, '2025-03-07', NULL, 'Active'),
('2024089', 23, '2023-01-22', NULL, 'Active'),
('2021090', 101, '2024-09-05', NULL, 'Active'),
('2024091', 32, '2023-05-08', NULL, 'Active'),
('2023092', 23, '2023-06-05', NULL, 'Active'),
('2024093', 99, '2023-07-02', NULL, 'Active'),
('2021094', 20, '2025-10-07', NULL, 'Active'),
('2025095', 35, '2023-05-31', NULL, 'Active'),
('2022096', 50, '2023-02-16', NULL, 'Active'),
('2023097', 91, '2025-08-07', NULL, 'Active'),
('2022098', 47, '2024-07-14', NULL, 'Active'),
('2024099', 33, '2024-05-28', NULL, 'Active'),
('2024100', 67, '2024-03-24', NULL, 'Active'),
('2023101', 22, '2025-06-30', NULL, 'Active'),
('2024102', 84, '2023-01-18', NULL, 'Active'),
('2025103', 93, '2026-02-21', NULL, 'Active'),
('2020104', 83, '2025-09-20', NULL, 'Active'),
('2023105', 68, '2023-12-18', NULL, 'Active'),
('2024106', 8, '2024-04-26', NULL, 'Active'),
('2020107', 55, '2025-09-16', NULL, 'Active'),
('2025108', 69, '2024-09-10', NULL, 'Active'),
('2025109', 29, '2025-09-26', NULL, 'Active'),
('2020110', 88, '2023-10-03', NULL, 'Active'),
('2022111', 106, '2025-10-17', NULL, 'Active'),
('2020112', 78, '2023-03-26', NULL, 'Active'),
('2021113', 48, '2024-01-13', NULL, 'Active'),
('2024114', 100, '2023-07-30', NULL, 'Active'),
('2022115', 110, '2023-03-31', NULL, 'Active'),
('2023116', 56, '2024-10-23', NULL, 'Active'),
('2025117', 60, '2026-02-27', NULL, 'Active'),
('2024118', 57, '2023-02-17', NULL, 'Active'),
('2024119', 12, '2023-06-27', NULL, 'Active'),
('2020120', 54, '2023-11-01', NULL, 'Active');

-- ==========================================
-- 5.1 UPDATE ROOM OCCUPANCY TO MATCH ALLOCATIONS
-- ==========================================
-- Updating CurrentOccupancy to reflect actual active allocations
-- Generated automatically to sync Room and Allocation tables
UPDATE Room SET CurrentOccupancy = 0 WHERE RoomID NOT IN (SELECT DISTINCT RoomID FROM Allocation WHERE AllocationStatus = 'Active');
UPDATE Room SET CurrentOccupancy = 1 WHERE RoomID = 1;
UPDATE Room SET CurrentOccupancy = 3 WHERE RoomID = 2;
UPDATE Room SET CurrentOccupancy = 2 WHERE RoomID = 3;
UPDATE Room SET CurrentOccupancy = 1 WHERE RoomID = 5;
UPDATE Room SET CurrentOccupancy = 1 WHERE RoomID = 8;
UPDATE Room SET CurrentOccupancy = 1 WHERE RoomID = 9;
UPDATE Room SET CurrentOccupancy = 2 WHERE RoomID = 10;
UPDATE Room SET CurrentOccupancy = 1 WHERE RoomID = 12;
UPDATE Room SET CurrentOccupancy = 2 WHERE RoomID = 14;
UPDATE Room SET CurrentOccupancy = 2 WHERE RoomID = 15;
UPDATE Room SET CurrentOccupancy = 1 WHERE RoomID = 16;
UPDATE Room SET CurrentOccupancy = 1 WHERE RoomID = 19;
UPDATE Room SET CurrentOccupancy = 2 WHERE RoomID = 20;
UPDATE Room SET CurrentOccupancy = 2 WHERE RoomID = 22;
UPDATE Room SET CurrentOccupancy = 1 WHERE RoomID = 23;
UPDATE Room SET CurrentOccupancy = 1 WHERE RoomID = 24;
UPDATE Room SET CurrentOccupancy = 2 WHERE RoomID = 27;
UPDATE Room SET CurrentOccupancy = 2 WHERE RoomID = 28;
UPDATE Room SET CurrentOccupancy = 2 WHERE RoomID = 29;
UPDATE Room SET CurrentOccupancy = 1 WHERE RoomID = 30;
UPDATE Room SET CurrentOccupancy = 1 WHERE RoomID = 31;
UPDATE Room SET CurrentOccupancy = 2 WHERE RoomID = 32;
UPDATE Room SET CurrentOccupancy = 1 WHERE RoomID = 33;
UPDATE Room SET CurrentOccupancy = 1 WHERE RoomID = 35;
UPDATE Room SET CurrentOccupancy = 3 WHERE RoomID = 39;
UPDATE Room SET CurrentOccupancy = 2 WHERE RoomID = 40;
UPDATE Room SET CurrentOccupancy = 1 WHERE RoomID = 41;
UPDATE Room SET CurrentOccupancy = 1 WHERE RoomID = 43;
UPDATE Room SET CurrentOccupancy = 2 WHERE RoomID = 44;
UPDATE Room SET CurrentOccupancy = 2 WHERE RoomID = 46;
UPDATE Room SET CurrentOccupancy = 1 WHERE RoomID = 47;
UPDATE Room SET CurrentOccupancy = 2 WHERE RoomID = 48;
UPDATE Room SET CurrentOccupancy = 1 WHERE RoomID = 49;
UPDATE Room SET CurrentOccupancy = 1 WHERE RoomID = 50;
UPDATE Room SET CurrentOccupancy = 1 WHERE RoomID = 54;
UPDATE Room SET CurrentOccupancy = 2 WHERE RoomID = 55;
UPDATE Room SET CurrentOccupancy = 1 WHERE RoomID = 56;
UPDATE Room SET CurrentOccupancy = 1 WHERE RoomID = 57;
UPDATE Room SET CurrentOccupancy = 1 WHERE RoomID = 58;
UPDATE Room SET CurrentOccupancy = 3 WHERE RoomID = 59;
UPDATE Room SET CurrentOccupancy = 1 WHERE RoomID = 60;
UPDATE Room SET CurrentOccupancy = 1 WHERE RoomID = 65;
UPDATE Room SET CurrentOccupancy = 1 WHERE RoomID = 67;
UPDATE Room SET CurrentOccupancy = 2 WHERE RoomID = 68;
UPDATE Room SET CurrentOccupancy = 1 WHERE RoomID = 69;
UPDATE Room SET CurrentOccupancy = 1 WHERE RoomID = 70;
UPDATE Room SET CurrentOccupancy = 1 WHERE RoomID = 73;
UPDATE Room SET CurrentOccupancy = 2 WHERE RoomID = 75;
UPDATE Room SET CurrentOccupancy = 2 WHERE RoomID = 78;
UPDATE Room SET CurrentOccupancy = 1 WHERE RoomID = 79;
UPDATE Room SET CurrentOccupancy = 1 WHERE RoomID = 82;
UPDATE Room SET CurrentOccupancy = 1 WHERE RoomID = 83;
UPDATE Room SET CurrentOccupancy = 2 WHERE RoomID = 84;
UPDATE Room SET CurrentOccupancy = 3 WHERE RoomID = 86;
UPDATE Room SET CurrentOccupancy = 1 WHERE RoomID = 87;
UPDATE Room SET CurrentOccupancy = 2 WHERE RoomID = 88;
UPDATE Room SET CurrentOccupancy = 1 WHERE RoomID = 91;
UPDATE Room SET CurrentOccupancy = 1 WHERE RoomID = 93;
UPDATE Room SET CurrentOccupancy = 1 WHERE RoomID = 94;
UPDATE Room SET CurrentOccupancy = 1 WHERE RoomID = 97;
UPDATE Room SET CurrentOccupancy = 2 WHERE RoomID = 99;
UPDATE Room SET CurrentOccupancy = 1 WHERE RoomID = 100;
UPDATE Room SET CurrentOccupancy = 1 WHERE RoomID = 101;
UPDATE Room SET CurrentOccupancy = 1 WHERE RoomID = 102;
UPDATE Room SET CurrentOccupancy = 1 WHERE RoomID = 103;
UPDATE Room SET CurrentOccupancy = 1 WHERE RoomID = 104;
UPDATE Room SET CurrentOccupancy = 1 WHERE RoomID = 105;
UPDATE Room SET CurrentOccupancy = 2 WHERE RoomID = 106;
UPDATE Room SET CurrentOccupancy = 1 WHERE RoomID = 107;
UPDATE Room SET CurrentOccupancy = 1 WHERE RoomID = 110;
UPDATE Room SET CurrentOccupancy = 1 WHERE RoomID = 112;
UPDATE Room SET CurrentOccupancy = 2 WHERE RoomID = 114;
UPDATE Room SET CurrentOccupancy = 1 WHERE RoomID = 115;
UPDATE Room SET CurrentOccupancy = 1 WHERE RoomID = 116;
UPDATE Room SET CurrentOccupancy = 1 WHERE RoomID = 119;

-- ==========================================
-- 5.2 UPDATE ROOM STATUS TO MATCH OCCUPANCY
-- ==========================================
-- Rooms with occupancy = 0 should be Available, > 0 should be Occupied
UPDATE Room SET RoomStatus = 'Available' WHERE CurrentOccupancy = 0;
UPDATE Room SET RoomStatus = 'Occupied' WHERE CurrentOccupancy > 0;

-- ==========================================
-- 6. FURNITURE TYPES
-- ==========================================
INSERT INTO FurnitureType (TypeName, Description) VALUES
('Bed', 'Single wooden bed with mattress'),
('Chair', 'Plastic study chair'),
('Cupboard', 'Steel cupboard with 3 shelves'),
('Study Table', 'Wooden table with drawer'),
('Bookshelf', 'Wall-mounted wooden bookshelf'),
('Shoe Rack', 'Plastic 3-tier shoe rack'),
('Fan', 'Ceiling fan'),
('AC', 'General 1.5 Ton AC');

-- ==========================================
-- 7. FURNITURE ITEMS (200 generated)
-- ==========================================
INSERT INTO FurnitureItem (FurnitureTypeID, RoomID, SerialNumber, FurnitureCondition, Remarks) VALUES
(2, 51, 'FURN-R051-T2-1', 'New', NULL),
(2, 103, 'FURN-R103-T2-2', 'Needs Repair', NULL),
(7, 119, 'FURN-R119-T7-3', 'New', NULL),
(4, 4, 'FURN-R004-T4-4', 'Fair', NULL),
(5, 4, 'FURN-R004-T5-5', 'Good', NULL),
(3, 57, 'FURN-R057-T3-6', 'Good', NULL),
(5, 108, 'FURN-R108-T5-7', 'Good', NULL),
(1, 95, 'FURN-R095-T1-8', 'New', NULL),
(7, 33, 'FURN-R033-T7-9', 'Fair', NULL),
(3, 26, 'FURN-R026-T3-10', 'New', NULL),
(3, 17, 'FURN-R017-T3-11', 'New', NULL),
(4, 51, 'FURN-R051-T4-12', 'New', NULL),
(6, 3, 'FURN-R003-T6-13', 'Needs Repair', NULL),
(6, 83, 'FURN-R083-T6-14', 'Damaged', NULL),
(8, 102, 'FURN-R102-T8-15', 'New', NULL),
(7, 9, 'FURN-R009-T7-16', 'Needs Repair', NULL),
(6, 17, 'FURN-R017-T6-17', 'Good', NULL),
(6, 106, 'FURN-R106-T6-18', 'Needs Repair', NULL),
(6, 2, 'FURN-R002-T6-19', 'Good', NULL),
(7, 6, 'FURN-R006-T7-20', 'Needs Repair', NULL),
(8, 100, 'FURN-R100-T8-21', 'Damaged', NULL),
(5, 36, 'FURN-R036-T5-22', 'Fair', NULL),
(8, 13, 'FURN-R013-T8-23', 'Fair', NULL),
(5, 56, 'FURN-R056-T5-24', 'Good', NULL),
(7, 34, 'FURN-R034-T7-25', 'Fair', NULL),
(5, 101, 'FURN-R101-T5-26', 'Damaged', NULL),
(2, 14, 'FURN-R014-T2-27', 'Needs Repair', NULL),
(4, 49, 'FURN-R049-T4-28', 'Needs Repair', NULL),
(1, 3, 'FURN-R003-T1-29', 'New', NULL),
(4, 54, 'FURN-R054-T4-30', 'Needs Repair', NULL),
(5, 24, 'FURN-R024-T5-31', 'Damaged', NULL),
(7, 26, 'FURN-R026-T7-32', 'Needs Repair', NULL),
(3, 73, 'FURN-R073-T3-33', 'Good', NULL),
(8, 42, 'FURN-R042-T8-34', 'Good', NULL),
(5, 115, 'FURN-R115-T5-35', 'Good', NULL),
(5, 23, 'FURN-R023-T5-36', 'Good', NULL),
(3, 7, 'FURN-R007-T3-37', 'New', NULL),
(3, 25, 'FURN-R025-T3-38', 'Good', NULL),
(8, 85, 'FURN-R085-T8-39', 'Needs Repair', NULL),
(5, 97, 'FURN-R097-T5-40', 'Needs Repair', NULL),
(3, 23, 'FURN-R023-T3-41', 'Damaged', NULL),
(1, 35, 'FURN-R035-T1-42', 'Fair', NULL),
(5, 36, 'FURN-R036-T5-43', 'New', NULL),
(3, 2, 'FURN-R002-T3-44', 'Good', NULL),
(3, 63, 'FURN-R063-T3-45', 'Fair', NULL),
(7, 23, 'FURN-R023-T7-46', 'Needs Repair', NULL),
(3, 108, 'FURN-R108-T3-47', 'Damaged', NULL),
(7, 103, 'FURN-R103-T7-48', 'Good', NULL),
(7, 39, 'FURN-R039-T7-49', 'New', NULL),
(6, 91, 'FURN-R091-T6-50', 'Needs Repair', NULL),
(7, 79, 'FURN-R079-T7-51', 'Needs Repair', NULL),
(6, 96, 'FURN-R096-T6-52', 'Damaged', NULL),
(8, 102, 'FURN-R102-T8-53', 'Damaged', NULL),
(1, 110, 'FURN-R110-T1-54', 'Needs Repair', NULL),
(7, 120, 'FURN-R120-T7-55', 'New', NULL),
(6, 71, 'FURN-R071-T6-56', 'Needs Repair', NULL),
(4, 14, 'FURN-R014-T4-57', 'Good', NULL),
(5, 51, 'FURN-R051-T5-58', 'Needs Repair', NULL),
(3, 110, 'FURN-R110-T3-59', 'Needs Repair', NULL),
(2, 114, 'FURN-R114-T2-60', 'Damaged', NULL),
(6, 89, 'FURN-R089-T6-61', 'Good', NULL),
(6, 96, 'FURN-R096-T6-62', 'New', NULL),
(6, 46, 'FURN-R046-T6-63', 'Good', NULL),
(3, 81, 'FURN-R081-T3-64', 'Good', NULL),
(1, 1, 'FURN-R001-T1-65', 'New', NULL),
(7, 88, 'FURN-R088-T7-66', 'Good', NULL),
(1, 111, 'FURN-R111-T1-67', 'Damaged', NULL),
(8, 98, 'FURN-R098-T8-68', 'Damaged', NULL),
(6, 57, 'FURN-R057-T6-69', 'Needs Repair', NULL),
(7, 85, 'FURN-R085-T7-70', 'Fair', NULL),
(5, 68, 'FURN-R068-T5-71', 'Fair', NULL),
(4, 53, 'FURN-R053-T4-72', 'Fair', NULL),
(1, 47, 'FURN-R047-T1-73', 'Fair', NULL),
(2, 74, 'FURN-R074-T2-74', 'Fair', NULL),
(1, 41, 'FURN-R041-T1-75', 'Good', NULL),
(4, 4, 'FURN-R004-T4-76', 'Fair', NULL),
(6, 95, 'FURN-R095-T6-77', 'Needs Repair', NULL),
(1, 115, 'FURN-R115-T1-78', 'Fair', NULL),
(6, 68, 'FURN-R068-T6-79', 'New', NULL),
(4, 110, 'FURN-R110-T4-80', 'Needs Repair', NULL),
(2, 97, 'FURN-R097-T2-81', 'Needs Repair', NULL),
(6, 16, 'FURN-R016-T6-82', 'Needs Repair', NULL),
(5, 4, 'FURN-R004-T5-83', 'Damaged', NULL),
(1, 47, 'FURN-R047-T1-84', 'Needs Repair', NULL),
(6, 106, 'FURN-R106-T6-85', 'Good', NULL),
(2, 86, 'FURN-R086-T2-86', 'Needs Repair', NULL),
(8, 55, 'FURN-R055-T8-87', 'New', NULL),
(1, 88, 'FURN-R088-T1-88', 'Damaged', NULL),
(8, 75, 'FURN-R075-T8-89', 'Needs Repair', NULL),
(7, 92, 'FURN-R092-T7-90', 'Needs Repair', NULL),
(8, 43, 'FURN-R043-T8-91', 'New', NULL),
(4, 93, 'FURN-R093-T4-92', 'Good', NULL),
(1, 19, 'FURN-R019-T1-93', 'New', NULL),
(4, 74, 'FURN-R074-T4-94', 'New', NULL),
(2, 110, 'FURN-R110-T2-95', 'Damaged', NULL),
(4, 79, 'FURN-R079-T4-96', 'Needs Repair', NULL),
(8, 104, 'FURN-R104-T8-97', 'Needs Repair', NULL),
(4, 88, 'FURN-R088-T4-98', 'New', NULL),
(1, 60, 'FURN-R060-T1-99', 'New', NULL),
(6, 21, 'FURN-R021-T6-100', 'Good', NULL),
(5, 97, 'FURN-R097-T5-101', 'New', NULL),
(1, 108, 'FURN-R108-T1-102', 'Damaged', NULL),
(3, 98, 'FURN-R098-T3-103', 'New', NULL),
(5, 98, 'FURN-R098-T5-104', 'Damaged', NULL),
(2, 107, 'FURN-R107-T2-105', 'Fair', NULL),
(6, 67, 'FURN-R067-T6-106', 'Fair', NULL),
(8, 14, 'FURN-R014-T8-107', 'New', NULL),
(6, 65, 'FURN-R065-T6-108', 'Damaged', NULL),
(1, 113, 'FURN-R113-T1-109', 'Needs Repair', NULL),
(6, 50, 'FURN-R050-T6-110', 'Fair', NULL),
(5, 61, 'FURN-R061-T5-111', 'Damaged', NULL),
(4, 59, 'FURN-R059-T4-112', 'Fair', NULL),
(1, 55, 'FURN-R055-T1-113', 'Needs Repair', NULL),
(1, 86, 'FURN-R086-T1-114', 'Fair', NULL),
(3, 36, 'FURN-R036-T3-115', 'Damaged', NULL),
(1, 117, 'FURN-R117-T1-116', 'New', NULL),
(8, 1, 'FURN-R001-T8-117', 'Good', NULL),
(2, 54, 'FURN-R054-T2-118', 'Fair', NULL),
(8, 17, 'FURN-R017-T8-119', 'Needs Repair', NULL),
(5, 34, 'FURN-R034-T5-120', 'New', NULL),
(6, 9, 'FURN-R009-T6-121', 'Damaged', NULL),
(3, 52, 'FURN-R052-T3-122', 'Fair', NULL),
(3, 109, 'FURN-R109-T3-123', 'Fair', NULL),
(7, 28, 'FURN-R028-T7-124', 'Good', NULL),
(3, 69, 'FURN-R069-T3-125', 'Damaged', NULL),
(7, 29, 'FURN-R029-T7-126', 'Fair', NULL),
(7, 67, 'FURN-R067-T7-127', 'Fair', NULL),
(5, 7, 'FURN-R007-T5-128', 'New', NULL),
(7, 21, 'FURN-R021-T7-129', 'New', NULL),
(8, 53, 'FURN-R053-T8-130', 'Good', NULL),
(8, 60, 'FURN-R060-T8-131', 'Damaged', NULL),
(8, 49, 'FURN-R049-T8-132', 'New', NULL),
(6, 20, 'FURN-R020-T6-133', 'Damaged', NULL),
(5, 24, 'FURN-R024-T5-134', 'Good', NULL),
(2, 49, 'FURN-R049-T2-135', 'Damaged', NULL),
(8, 29, 'FURN-R029-T8-136', 'Needs Repair', NULL),
(5, 119, 'FURN-R119-T5-137', 'Needs Repair', NULL),
(1, 75, 'FURN-R075-T1-138', 'Damaged', NULL),
(1, 36, 'FURN-R036-T1-139', 'Damaged', NULL),
(6, 36, 'FURN-R036-T6-140', 'Fair', NULL),
(5, 41, 'FURN-R041-T5-141', 'Good', NULL),
(7, 59, 'FURN-R059-T7-142', 'New', NULL),
(4, 69, 'FURN-R069-T4-143', 'Fair', NULL),
(3, 5, 'FURN-R005-T3-144', 'Damaged', NULL),
(8, 102, 'FURN-R102-T8-145', 'Fair', NULL),
(8, 8, 'FURN-R008-T8-146', 'Needs Repair', NULL),
(7, 112, 'FURN-R112-T7-147', 'New', NULL),
(4, 117, 'FURN-R117-T4-148', 'Fair', NULL),
(4, 19, 'FURN-R019-T4-149', 'Good', NULL),
(4, 6, 'FURN-R006-T4-150', 'Fair', NULL),
(2, 21, 'FURN-R021-T2-151', 'Fair', NULL),
(5, 23, 'FURN-R023-T5-152', 'Damaged', NULL),
(3, 108, 'FURN-R108-T3-153', 'Damaged', NULL),
(3, 89, 'FURN-R089-T3-154', 'Good', NULL),
(8, 43, 'FURN-R043-T8-155', 'Damaged', NULL),
(3, 78, 'FURN-R078-T3-156', 'Good', NULL),
(4, 39, 'FURN-R039-T4-157', 'Good', NULL),
(2, 35, 'FURN-R035-T2-158', 'Fair', NULL),
(6, 31, 'FURN-R031-T6-159', 'Damaged', NULL),
(5, 109, 'FURN-R109-T5-160', 'Good', NULL),
(3, 106, 'FURN-R106-T3-161', 'Fair', NULL),
(2, 27, 'FURN-R027-T2-162', 'Good', NULL),
(5, 49, 'FURN-R049-T5-163', 'Fair', NULL),
(5, 67, 'FURN-R067-T5-164', 'New', NULL),
(8, 53, 'FURN-R053-T8-165', 'Fair', NULL),
(7, 94, 'FURN-R094-T7-166', 'Damaged', NULL),
(6, 79, 'FURN-R079-T6-167', 'Fair', NULL),
(3, 92, 'FURN-R092-T3-168', 'Fair', NULL),
(4, 92, 'FURN-R092-T4-169', 'Damaged', NULL),
(6, 28, 'FURN-R028-T6-170', 'Good', NULL),
(5, 58, 'FURN-R058-T5-171', 'Damaged', NULL),
(2, 50, 'FURN-R050-T2-172', 'Good', NULL),
(1, 115, 'FURN-R115-T1-173', 'Needs Repair', NULL),
(6, 16, 'FURN-R016-T6-174', 'Fair', NULL),
(1, 118, 'FURN-R118-T1-175', 'New', NULL),
(1, 60, 'FURN-R060-T1-176', 'Damaged', NULL),
(6, 89, 'FURN-R089-T6-177', 'Damaged', NULL),
(4, 64, 'FURN-R064-T4-178', 'New', NULL),
(6, 19, 'FURN-R019-T6-179', 'Damaged', NULL),
(7, 113, 'FURN-R113-T7-180', 'Fair', NULL),
(1, 39, 'FURN-R039-T1-181', 'New', NULL),
(4, 41, 'FURN-R041-T4-182', 'Needs Repair', NULL),
(4, 111, 'FURN-R111-T4-183', 'Needs Repair', NULL),
(6, 92, 'FURN-R092-T6-184', 'Good', NULL),
(4, 69, 'FURN-R069-T4-185', 'Damaged', NULL),
(7, 24, 'FURN-R024-T7-186', 'New', NULL),
(6, 27, 'FURN-R027-T6-187', 'New', NULL),
(2, 32, 'FURN-R032-T2-188', 'Good', NULL),
(7, 12, 'FURN-R012-T7-189', 'Good', NULL),
(4, 96, 'FURN-R096-T4-190', 'Needs Repair', NULL),
(3, 13, 'FURN-R013-T3-191', 'Damaged', NULL),
(5, 9, 'FURN-R009-T5-192', 'Damaged', NULL),
(2, 49, 'FURN-R049-T2-193', 'Fair', NULL),
(7, 97, 'FURN-R097-T7-194', 'Damaged', NULL),
(7, 86, 'FURN-R086-T7-195', 'New', NULL),
(5, 120, 'FURN-R120-T5-196', 'Fair', NULL),
(7, 4, 'FURN-R004-T7-197', 'Good', NULL),
(1, 104, 'FURN-R104-T1-198', 'Needs Repair', NULL),
(3, 8, 'FURN-R008-T3-199', 'Damaged', NULL),
(3, 120, 'FURN-R120-T3-200', 'Good', NULL);

-- ==========================================
-- 8. COMPLAINT CATEGORIES
-- ==========================================
INSERT INTO ComplaintCategory (CategoryName, Description) VALUES
('2022001', 'Lights, fans, sockets issues'),
('2022002', 'Water leakage, tap, bathroom issues'),
('2020003', 'Room/hostel cleaning, dustbin'),
('2021004', 'Broken bed, chair, table'),
('2025005', 'Cooling, maintenance of AC'),
('2024006', 'Internet connectivity problems'),
('2020007', 'Door lock, CCTV issues'),
('2025008', 'Insects, rodents in room');

-- ==========================================
-- 9. COMPLAINTS (100 generated)
-- ==========================================
INSERT INTO Complaint (IdentificationNumber, RoomID, CategoryID, Description, Severity, Status) VALUES
('2024009', 88, 1, 'Dustbins overflow', 'Medium', 'Open'),
('2025010', 16, 7, 'Network dropping out', 'Critical', 'Resolved'),
('2023011', 31, 2, 'Chair broken', 'Medium', 'In Progress'),
('2021012', 17, 7, 'Dustbins overflow', 'Medium', 'Closed'),
('2021013', 86, 4, 'No power', 'High', 'Open'),
('2025014', 35, 4, 'Termites found', 'Medium', 'In Progress'),
('2022015', 103, 6, 'No power', 'Critical', 'Resolved'),
('2020016', 29, 7, 'No power', 'Low', 'Resolved'),
('2024017', 68, 8, 'CCTV offline', 'Low', 'Open'),
('2021018', 86, 4, 'CCTV offline', 'Critical', 'In Progress'),
('2021019', 28, 8, 'Termites found', 'Low', 'Open'),
('2024020', 56, 2, 'Network dropping out', 'Medium', 'Closed'),
('2021021', 99, 1, 'CCTV offline', 'Critical', 'Closed'),
('2025022', 64, 4, 'Chair broken', 'High', 'Open'),
('2020023', 78, 2, 'Broken pipe', 'Low', 'Open'),
('2023024', 66, 5, 'No power', 'Critical', 'In Progress'),
('2025025', 79, 7, 'CCTV offline', 'Low', 'In Progress'),
('2024026', 78, 1, 'Dustbins overflow', 'Medium', 'Resolved'),
('2022027', 33, 7, 'Network dropping out', 'Critical', 'Open'),
('2021028', 57, 1, 'Dustbins overflow', 'Low', 'Open'),
('2023029', 87, 7, 'Chair broken', 'Critical', 'Resolved'),
('2021030', 82, 6, 'No power', 'High', 'Resolved'),
('2022031', 10, 1, 'CCTV offline', 'Low', 'Open'),
('2020032', 16, 5, 'Dustbins overflow', 'High', 'Open'),
('2025033', 115, 3, 'Chair broken', 'Medium', 'Resolved'),
('2023034', 112, 5, 'CCTV offline', 'High', 'In Progress'),
('2024035', 22, 1, 'Fan noisy', 'High', 'Resolved'),
('2022036', 82, 3, 'No power', 'High', 'Resolved'),
('2024037', 68, 3, 'Network dropping out', 'Critical', 'Open'),
('2023038', 44, 1, 'Fan noisy', 'Low', 'Open'),
('2024039', 50, 1, 'Dustbins overflow', 'High', 'In Progress'),
('2024040', 55, 2, 'Termites found', 'Critical', 'Resolved'),
('2024041', 103, 6, 'Chair broken', 'High', 'In Progress'),
('2022042', 49, 1, 'Chair broken', 'High', 'Resolved'),
('2022043', 65, 2, 'CCTV offline', 'High', 'Open'),
('2022044', 98, 3, 'Termites found', 'Critical', 'In Progress'),
('2022045', 24, 2, 'Network dropping out', 'Medium', 'Closed'),
('2021046', 86, 4, 'Termites found', 'High', 'Open'),
('2022047', 32, 7, 'Dustbins overflow', 'Low', 'Resolved'),
('2022048', 115, 2, 'Dustbins overflow', 'Medium', 'In Progress'),
('2024049', 62, 1, 'Chair broken', 'Medium', 'Closed'),
('2021050', 100, 2, 'Fan noisy', 'Low', 'Resolved'),
('2023051', 89, 7, 'Broken pipe', 'Medium', 'Resolved'),
('2025052', 19, 8, 'Network dropping out', 'Medium', 'Resolved'),
('2024053', 1, 2, 'Dustbins overflow', 'Low', 'Closed'),
('2020054', 101, 6, 'Broken pipe', 'Medium', 'In Progress'),
('2022055', 36, 6, 'No power', 'Critical', 'Resolved'),
('2020056', 50, 3, 'CCTV offline', 'Low', 'In Progress'),
('2023057', 44, 2, 'Dustbins overflow', 'Medium', 'In Progress'),
('2022058', 50, 6, 'Termites found', 'Low', 'In Progress'),
('2024059', 67, 4, 'Broken pipe', 'High', 'Open'),
('2022060', 65, 5, 'CCTV offline', 'Medium', 'In Progress'),
('2025061', 20, 2, 'No power', 'Medium', 'In Progress'),
('2024062', 68, 4, 'CCTV offline', 'Medium', 'Open'),
('2025063', 6, 8, 'CCTV offline', 'Critical', 'Closed'),
('2023064', 75, 8, 'Chair broken', 'Low', 'Open'),
('2024065', 56, 2, 'CCTV offline', 'Medium', 'Open'),
('2024066', 120, 2, 'Chair broken', 'Critical', 'Closed'),
('2023067', 78, 3, 'Chair broken', 'Low', 'Resolved'),
('2024068', 52, 8, 'Network dropping out', 'Medium', 'Closed'),
('2025069', 18, 7, 'Chair broken', 'Critical', 'In Progress'),
('2025070', 4, 6, 'Chair broken', 'Medium', 'In Progress'),
('2025071', 75, 7, 'Network dropping out', 'Critical', 'Resolved'),
('2023072', 22, 8, 'Fan noisy', 'Low', 'Resolved'),
('2021073', 33, 5, 'Broken pipe', 'Medium', 'Closed'),
('2020074', 107, 4, 'No power', 'Low', 'In Progress'),
('2023075', 52, 1, 'Network dropping out', 'High', 'Closed'),
('2024076', 98, 2, 'No power', 'Critical', 'Resolved'),
('2023077', 100, 1, 'Chair broken', 'Critical', 'Open'),
('2024078', 80, 7, 'Termites found', 'Medium', 'Open'),
('2020079', 6, 5, 'Broken pipe', 'High', 'Closed'),
('2021080', 53, 6, 'CCTV offline', 'Medium', 'Resolved'),
('2025081', 42, 4, 'Chair broken', 'Medium', 'Closed'),
('2025082', 91, 7, 'Network dropping out', 'Critical', 'Closed'),
('2023083', 120, 5, 'Chair broken', 'High', 'Resolved'),
('2024084', 63, 2, 'Broken pipe', 'High', 'In Progress'),
('2020085', 116, 7, 'Termites found', 'Medium', 'Resolved'),
('2024086', 46, 4, 'Dustbins overflow', 'Critical', 'In Progress'),
('2023087', 6, 3, 'Chair broken', 'Critical', 'Resolved'),
('2021088', 42, 8, 'Chair broken', 'Medium', 'Closed'),
('2024089', 39, 6, 'Fan noisy', 'Medium', 'In Progress'),
('2021090', 82, 1, 'Broken pipe', 'Critical', 'Open'),
('2024091', 107, 5, 'Termites found', 'Medium', 'Closed'),
('2023092', 34, 5, 'Chair broken', 'High', 'In Progress'),
('2024093', 43, 4, 'Fan noisy', 'Critical', 'Closed'),
('2021094', 42, 1, 'Fan noisy', 'High', 'In Progress'),
('2025095', 15, 4, 'Broken pipe', 'Medium', 'Open'),
('2022096', 29, 2, 'Termites found', 'Critical', 'In Progress'),
('2023097', 14, 1, 'Chair broken', 'Low', 'Closed'),
('2022098', 103, 6, 'CCTV offline', 'Medium', 'Closed'),
('2024099', 95, 1, 'No power', 'Critical', 'Resolved'),
('2024100', 75, 7, 'Network dropping out', 'Low', 'Closed'),
('2023101', 9, 1, 'Dustbins overflow', 'Medium', 'Closed'),
('2024102', 99, 3, 'Fan noisy', 'Low', 'Closed'),
('2025103', 36, 8, 'Termites found', 'Low', 'In Progress'),
('2020104', 68, 8, 'Network dropping out', 'Low', 'In Progress'),
('2023105', 30, 6, 'Fan noisy', 'High', 'In Progress'),
('2024106', 5, 6, 'Network dropping out', 'High', 'Resolved'),
('2020107', 49, 8, 'Network dropping out', 'Low', 'In Progress'),
('2025108', 60, 3, 'Dustbins overflow', 'Medium', 'Closed');

-- ==========================================
-- 10. VISITORS (40 generated)
-- ==========================================
INSERT INTO Visitor (IdentificationNumber, VisitorName, VisitorContact, Relation, Purpose, InDateTime, OutDateTime) VALUES
('2022001', 'Atharva Sharma', '9187079050', 'Relative', 'Visit', '2025-04-27 10:00:00', NULL),
('2022002', 'Aditi Rajput', '9185980374', 'Relative', 'Visit', '2025-03-17 10:00:00', NULL),
('2020003', 'Zoya Nair', '9187726923', 'Relative', 'Visit', '2025-03-15 10:00:00', NULL),
('2021004', 'Krishna Gupta', '9186438528', 'Relative', 'Visit', '2025-07-28 10:00:00', NULL),
('2025005', 'Pooja Kaur', '9189639616', 'Relative', 'Visit', '2026-02-19 10:00:00', NULL),
('2024006', 'Shaurya Rao', '9185018889', 'Relative', 'Visit', '2025-02-10 10:00:00', NULL),
('2020007', 'Sneha Bansal', '9182227597', 'Relative', 'Visit', '2025-07-03 10:00:00', NULL),
('2025008', 'Sneha Sutaria', '9183694770', 'Relative', 'Visit', '2025-03-29 10:00:00', NULL),
('2024009', 'Kabir Sinha', '9185187330', 'Relative', 'Visit', '2025-10-27 10:00:00', NULL),
('2025010', 'Vihaan Rajput', '9183906416', 'Relative', 'Visit', '2025-03-17 10:00:00', NULL),
('2023011', 'Mohan Sanon', '9188415413', 'Relative', 'Visit', '2025-03-01 10:00:00', NULL),
('2021012', 'Pooja Menon', '9184415519', 'Relative', 'Visit', '2025-07-31 10:00:00', NULL),
('2021013', 'Iqra Desai', '9184255677', 'Relative', 'Visit', '2025-06-06 10:00:00', NULL),
('2025014', 'Arjun Aaryan', '9183129912', 'Relative', 'Visit', '2026-02-06 10:00:00', NULL),
('2022015', 'Sonakshi Bansal', '9184075495', 'Relative', 'Visit', '2025-01-15 10:00:00', NULL),
('2020016', 'Meera Malhotra', '9187996127', 'Relative', 'Visit', '2025-06-11 10:00:00', NULL),
('2024017', 'Darsh Chawla', '9186536029', 'Relative', 'Visit', '2025-10-09 10:00:00', NULL),
('2021018', 'Aisha Sharma', '9188083777', 'Relative', 'Visit', '2025-11-17 10:00:00', NULL),
('2021019', 'Aditya Khan', '9181891339', 'Relative', 'Visit', '2026-02-20 10:00:00', NULL),
('2024020', 'Ishaan Singh', '9186050481', 'Relative', 'Visit', '2025-03-07 10:00:00', NULL),
('2021021', 'Zoya Kapoor', '9183883094', 'Relative', 'Visit', '2026-03-05 10:00:00', NULL),
('2025022', 'Sai Gupta', '9188771066', 'Relative', 'Visit', '2025-05-14 10:00:00', NULL),
('2020023', 'Kian Nair', '9188851358', 'Relative', 'Visit', '2025-06-09 10:00:00', NULL),
('2023024', 'Aditi Sanon', '9186865927', 'Relative', 'Visit', '2025-10-05 10:00:00', NULL),
('2025025', 'Neha Verma', '9185438009', 'Relative', 'Visit', '2025-02-20 10:00:00', NULL),
('2024026', 'Alia Bhatt', '9181517014', 'Relative', 'Visit', '2026-02-19 10:00:00', NULL),
('2022027', 'Tara Aaryan', '9182178173', 'Relative', 'Visit', '2025-07-28 10:00:00', NULL),
('2021028', 'Zara Patani', '9185640183', 'Relative', 'Visit', '2025-10-17 10:00:00', NULL),
('2023029', 'Fatima Mehta', '9184447838', 'Relative', 'Visit', '2025-01-07 10:00:00', NULL),
('2021030', 'Aisha Chawla', '9186014337', 'Relative', 'Visit', '2025-09-02 10:00:00', NULL),
('2022031', 'Meher Das', '9182406205', 'Relative', 'Visit', '2025-12-11 10:00:00', NULL),
('2020032', 'Darsh Rajput', '9184051853', 'Relative', 'Visit', '2025-12-11 10:00:00', NULL),
('2025033', 'Ayaan Gupta', '9185140669', 'Relative', 'Visit', '2025-04-14 10:00:00', NULL),
('2023034', 'Mohan Gupta', '9186179861', 'Relative', 'Visit', '2025-11-15 10:00:00', NULL),
('2024035', 'Ayaan Shah', '9183023130', 'Relative', 'Visit', '2025-12-02 10:00:00', NULL),
('2022036', 'Sonakshi Kapur', '9182055967', 'Relative', 'Visit', '2025-03-20 10:00:00', NULL),
('2024037', 'Sana Oberoi', '9183876902', 'Relative', 'Visit', '2026-01-12 10:00:00', NULL),
('2023038', 'Sai Sharma', '9184471549', 'Relative', 'Visit', '2025-03-21 10:00:00', NULL),
('2024039', 'Karan Sharma', '9185135529', 'Relative', 'Visit', '2025-09-21 10:00:00', NULL),
('2024040', 'Simran Gupta', '9183419590', 'Relative', 'Visit', '2025-05-01 10:00:00', NULL);

-- ==========================================
-- 11. QR SCAN LOGS (60 generated)
-- ==========================================
INSERT INTO QRScanLog (QRCode, ScanType, ScannedBy, ScanDateTime, Location, IdentificationNumber) VALUES
('MEM-QR-0029', 'Member', 'Guard', '2025-06-21 08:00:00', 'Canteen', '2022001'),
('MEM-QR-0044', 'Member', 'Guard', '2025-09-24 08:00:00', 'Main Gate', '2022002'),
('MEM-QR-0013', 'Member', 'Guard', '2025-01-19 08:00:00', 'Canteen', '2020003'),
('MEM-QR-0093', 'Member', 'Guard', '2025-12-06 08:00:00', 'Block B', '2021004'),
('MEM-QR-0038', 'Member', 'Guard', '2025-04-17 08:00:00', 'Canteen', '2025005'),
('MEM-QR-0074', 'Member', 'Guard', '2025-02-01 08:00:00', 'Main Gate', '2024006'),
('MEM-QR-0094', 'Member', 'Guard', '2025-04-10 08:00:00', 'Canteen', '2020007'),
('MEM-QR-0039', 'Member', 'Guard', '2025-11-16 08:00:00', 'Block B', '2025008'),
('MEM-QR-0030', 'Member', 'Guard', '2025-04-28 08:00:00', 'Block B', '2024009'),
('MEM-QR-0075', 'Member', 'Guard', '2025-02-03 08:00:00', 'Block A', '2025010'),
('MEM-QR-0020', 'Member', 'Guard', '2025-02-05 08:00:00', 'Block A', '2023011'),
('MEM-QR-0087', 'Member', 'Guard', '2025-07-28 08:00:00', 'Main Gate', '2021012'),
('MEM-QR-0003', 'Member', 'Guard', '2025-10-13 08:00:00', 'Library Entry', '2021013'),
('MEM-QR-0075', 'Member', 'Guard', '2025-03-23 08:00:00', 'Block A', '2025014'),
('MEM-QR-0019', 'Member', 'Guard', '2026-01-24 08:00:00', 'Main Gate', '2022015'),
('MEM-QR-0075', 'Member', 'Guard', '2025-04-05 08:00:00', 'Library Entry', '2020016'),
('MEM-QR-0019', 'Member', 'Guard', '2025-04-26 08:00:00', 'Main Gate', '2024017'),
('MEM-QR-0050', 'Member', 'Guard', '2026-02-24 08:00:00', 'Block A', '2021018'),
('MEM-QR-0013', 'Member', 'Guard', '2026-01-02 08:00:00', 'Main Gate', '2021019'),
('MEM-QR-0047', 'Member', 'Guard', '2025-10-23 08:00:00', 'Main Gate', '2024020'),
('MEM-QR-0021', 'Member', 'Guard', '2025-06-27 08:00:00', 'Block A', '2021021'),
('MEM-QR-0084', 'Member', 'Guard', '2025-01-29 08:00:00', 'Block A', '2025022'),
('MEM-QR-0099', 'Member', 'Guard', '2025-06-01 08:00:00', 'Library Entry', '2020023'),
('MEM-QR-0051', 'Member', 'Guard', '2026-01-12 08:00:00', 'Main Gate', '2023024'),
('MEM-QR-0001', 'Member', 'Guard', '2025-08-09 08:00:00', 'Main Gate', '2025025'),
('MEM-QR-0035', 'Member', 'Guard', '2025-04-05 08:00:00', 'Canteen', '2024026'),
('MEM-QR-0012', 'Member', 'Guard', '2025-09-03 08:00:00', 'Canteen', '2022027'),
('MEM-QR-0012', 'Member', 'Guard', '2025-05-09 08:00:00', 'Block A', '2021028'),
('MEM-QR-0040', 'Member', 'Guard', '2026-02-14 08:00:00', 'Canteen', '2023029'),
('MEM-QR-0022', 'Member', 'Guard', '2025-02-26 08:00:00', 'Library Entry', '2021030'),
('MEM-QR-0094', 'Member', 'Guard', '2025-07-20 08:00:00', 'Canteen', '2022031'),
('MEM-QR-0005', 'Member', 'Guard', '2025-12-23 08:00:00', 'Main Gate', '2020032'),
('MEM-QR-0042', 'Member', 'Guard', '2025-08-10 08:00:00', 'Main Gate', '2025033'),
('MEM-QR-0089', 'Member', 'Guard', '2026-03-08 08:00:00', 'Block B', '2023034'),
('MEM-QR-0010', 'Member', 'Guard', '2025-06-11 08:00:00', 'Library Entry', '2024035'),
('MEM-QR-0032', 'Member', 'Guard', '2025-02-10 08:00:00', 'Block B', '2022036'),
('MEM-QR-0053', 'Member', 'Guard', '2026-03-12 08:00:00', 'Main Gate', '2024037'),
('MEM-QR-0076', 'Member', 'Guard', '2025-05-24 08:00:00', 'Library Entry', '2023038'),
('MEM-QR-0071', 'Member', 'Guard', '2025-05-26 08:00:00', 'Main Gate', '2024039'),
('MEM-QR-0064', 'Member', 'Guard', '2025-10-19 08:00:00', 'Block B', '2024040'),
('MEM-QR-0042', 'Member', 'Guard', '2025-08-05 08:00:00', 'Main Gate', '2024041'),
('MEM-QR-0094', 'Member', 'Guard', '2025-11-28 08:00:00', 'Main Gate', '2022042'),
('MEM-QR-0088', 'Member', 'Guard', '2025-04-10 08:00:00', 'Canteen', '2022043'),
('MEM-QR-0051', 'Member', 'Guard', '2026-01-28 08:00:00', 'Library Entry', '2022044'),
('MEM-QR-0039', 'Member', 'Guard', '2025-09-04 08:00:00', 'Library Entry', '2022045'),
('MEM-QR-0079', 'Member', 'Guard', '2026-02-15 08:00:00', 'Block A', '2021046'),
('MEM-QR-0037', 'Member', 'Guard', '2026-02-01 08:00:00', 'Main Gate', '2022047'),
('MEM-QR-0047', 'Member', 'Guard', '2025-01-14 08:00:00', 'Canteen', '2022048'),
('MEM-QR-0088', 'Member', 'Guard', '2025-01-09 08:00:00', 'Library Entry', '2024049'),
('MEM-QR-0044', 'Member', 'Guard', '2025-12-08 08:00:00', 'Canteen', '2021050'),
('MEM-QR-0082', 'Member', 'Guard', '2025-03-22 08:00:00', 'Library Entry', '2023051'),
('MEM-QR-0086', 'Member', 'Guard', '2026-02-08 08:00:00', 'Main Gate', '2025052'),
('MEM-QR-0075', 'Member', 'Guard', '2025-05-30 08:00:00', 'Block B', '2024053'),
('MEM-QR-0048', 'Member', 'Guard', '2026-02-19 08:00:00', 'Main Gate', '2020054'),
('MEM-QR-0034', 'Member', 'Guard', '2025-04-27 08:00:00', 'Block B', '2022055'),
('MEM-QR-0041', 'Member', 'Guard', '2025-06-10 08:00:00', 'Block B', '2020056'),
('MEM-QR-0060', 'Member', 'Guard', '2026-02-22 08:00:00', 'Block B', '2023057'),
('MEM-QR-0089', 'Member', 'Guard', '2025-04-15 08:00:00', 'Canteen', '2022058'),
('MEM-QR-0033', 'Member', 'Guard', '2025-10-23 08:00:00', 'Library Entry', '2024059'),
('MEM-QR-0027', 'Member', 'Guard', '2025-04-22 08:00:00', 'Main Gate', '2022060');

-- ==========================================
-- 12. MAINTENANCE REQUESTS (50 generated)
-- ==========================================
INSERT INTO MaintenanceRequest (RoomID, RequestedBy, Description, Status) VALUES
(11, '2022001', 'Regular Service Maintenance Check', 'Pending'),
(62, '2022002', 'Regular Service Maintenance Check', 'Pending'),
(82, '2020003', 'Regular Service Maintenance Check', 'Completed'),
(52, '2021004', 'Regular Service Maintenance Check', 'Completed'),
(35, '2025005', 'Regular Service Maintenance Check', 'Completed'),
(67, '2024006', 'Regular Service Maintenance Check', 'Completed'),
(66, '2020007', 'Regular Service Maintenance Check', 'In Progress'),
(80, '2025008', 'Regular Service Maintenance Check', 'Pending'),
(37, '2024009', 'Regular Service Maintenance Check', 'In Progress'),
(97, '2025010', 'Regular Service Maintenance Check', 'Pending'),
(105, '2023011', 'Regular Service Maintenance Check', 'In Progress'),
(11, '2021012', 'Regular Service Maintenance Check', 'In Progress'),
(27, '2021013', 'Regular Service Maintenance Check', 'Completed'),
(112, '2025014', 'Regular Service Maintenance Check', 'In Progress'),
(68, '2022015', 'Regular Service Maintenance Check', 'Completed'),
(96, '2020016', 'Regular Service Maintenance Check', 'In Progress'),
(49, '2024017', 'Regular Service Maintenance Check', 'Pending'),
(110, '2021018', 'Regular Service Maintenance Check', 'Completed'),
(82, '2021019', 'Regular Service Maintenance Check', 'In Progress'),
(86, '2024020', 'Regular Service Maintenance Check', 'Completed'),
(25, '2021021', 'Regular Service Maintenance Check', 'Pending'),
(90, '2025022', 'Regular Service Maintenance Check', 'Pending'),
(38, '2020023', 'Regular Service Maintenance Check', 'In Progress'),
(72, '2023024', 'Regular Service Maintenance Check', 'Pending'),
(35, '2025025', 'Regular Service Maintenance Check', 'In Progress'),
(71, '2024026', 'Regular Service Maintenance Check', 'In Progress'),
(47, '2022027', 'Regular Service Maintenance Check', 'In Progress'),
(93, '2021028', 'Regular Service Maintenance Check', 'In Progress'),
(28, '2023029', 'Regular Service Maintenance Check', 'In Progress'),
(73, '2021030', 'Regular Service Maintenance Check', 'Pending'),
(8, '2022031', 'Regular Service Maintenance Check', 'Pending'),
(77, '2020032', 'Regular Service Maintenance Check', 'In Progress'),
(93, '2025033', 'Regular Service Maintenance Check', 'Pending'),
(77, '2023034', 'Regular Service Maintenance Check', 'In Progress'),
(59, '2024035', 'Regular Service Maintenance Check', 'Completed'),
(14, '2022036', 'Regular Service Maintenance Check', 'Completed'),
(96, '2024037', 'Regular Service Maintenance Check', 'Pending'),
(80, '2023038', 'Regular Service Maintenance Check', 'Completed'),
(31, '2024039', 'Regular Service Maintenance Check', 'In Progress'),
(87, '2024040', 'Regular Service Maintenance Check', 'Pending'),
(77, '2024041', 'Regular Service Maintenance Check', 'In Progress'),
(7, '2022042', 'Regular Service Maintenance Check', 'In Progress'),
(111, '2022043', 'Regular Service Maintenance Check', 'Pending'),
(106, '2022044', 'Regular Service Maintenance Check', 'Pending'),
(36, '2022045', 'Regular Service Maintenance Check', 'Completed'),
(112, '2021046', 'Regular Service Maintenance Check', 'In Progress'),
(59, '2022047', 'Regular Service Maintenance Check', 'In Progress'),
(19, '2022048', 'Regular Service Maintenance Check', 'In Progress'),
(58, '2024049', 'Regular Service Maintenance Check', 'Pending'),
(39, '2021050', 'Regular Service Maintenance Check', 'In Progress');
